0,0,0,3,0,3,2,2,2,3,0,2,0,3,0,2,2,2,0,0,2,3,1,2,2,2,3,2,0,4,1,3,1,4,1,0,0,2,1,1,1,4,1,1,3,0,2,3,0,4,2,0,0,2,1,1,0,3,3,4,1,4,1,0,3,1,0,4,0,2,2,3,1,0,1,3,0,0,1,0,1,1,1,1,0,1,1,2,1,1,2,0,1,3,3,1,1,4,0,0,0,4,0,1,0,1,3,2,1,0,0,0,2,2,0,1,1,0,1,0,0,3,1,6,0,1,0,0,6,0,0,0,1,2,1,0,0,3,4,1,5,0,0,2,0,1,5,4,1,0,0,0,1,0,1,3,0,1,4,2,1,2,0,1,1,1,2,0,0,2,0,0,1,0,0,1,1,0,0,0,0,2,0,1,0,1,1,1,0,0,0,1,0,6,4,1,1,3,0,3,2,1,0,2,1,4,2,3,0,0,2,4,0,1,3,1,1,2,1,6,0,3,0,0,0,0,0,0,0,0,6,0,1,1,1,0,3,0,0,1,41,0,0,0,1,0,1,4,2,1,1,0,4,6,4,4,1,0,0
12,6,4,3,11,7,10,0,10,12,0,2,0,8,8,0,18,2,0,0,9,7,0,0,3,2,3,5,1,2,3,2,2,1,6,4,2,5,4,2,2,5,1,2,2,0,2,0,0,1,18,14,1,0,5,6,0,7,1,3,1,4,0,0,9,0,4,22,0,11,0,2,7,2,1,3,0,0,0,3,0,0,4,0,4,0,1,8,3,0,1,0,2,2,8,0,0,0,0,3,0,5,1,4,0,1,4,12,0,1,0,1,3,2,1,4,1,0,3,4,1,2,2,1,1,10,1,1,3,2,0,1,0,3,1,2,1,1,1,4,6,9,2,2,0,4,7,5,0,3,0,0,15,0,2,3,3,9,2,3,0,8,1,2,10,2,1,0,1,2,1,3,1,4,1,1,0,1,1,1,2,0,0,0,0,12,1,2,3,0,0,0,1,11,5,4,6,2,0,7,1,2,2,2,5,11,17,7,4,0,1,0,2,1,6,1,2,2,2,3,0,7,0,0,0,0,0,2,1,0,6,0,10,7,4,0,15,1,2,1,87,0,0,0,0,0,4,0,13,3,2,1,1,29,9,4,4,0,0
14,18,0,10,4,4,2,4,11,2,2,3,1,14,3,6,5,4,0,3,2,1,2,2,3,6,5,5,0,2,3,2,4,6,1,3,1,1,8,3,3,14,2,0,1,0,1,3,1,5,5,2,0,1,3,2,0,15,12,6,4,16,0,0,4,3,8,3,0,1,1,0,2,0,1,1,1,0,1,0,1,0,0,0,4,0,2,3,0,0,2,0,3,4,6,0,2,2,1,3,0,3,1,4,0,2,2,1,0,3,0,0,2,2,1,1,18,0,15,0,0,2,3,3,1,15,1,0,2,3,1,0,5,3,2,0,0,2,10,9,4,5,2,1,0,0,13,1,0,0,0,0,1,0,2,2,1,2,7,1,0,11,0,1,6,0,5,0,0,2,3,0,3,4,1,4,2,2,0,2,1,2,0,0,1,1,9,1,2,0,0,1,1,3,4,3,2,4,3,10,1,0,0,5,3,6,8,6,4,0,5,7,2,0,9,2,2,4,4,7,0,2,2,1,0,0,0,3,1,0,5,1,9,3,3,1,0,1,2,1,76,2,0,1,0,0,0,2,7,0,2,3,2,8,0,13,2,0,1
1,0,0,1,2,4,3,2,3,17,0,0,0,0,0,0,1,2,0,0,1,3,0,1,2,1,1,3,2,2,1,2,2,0,2,4,0,2,0,0,1,0,1,0,2,1,1,1,0,2,0,2,1,3,2,2,0,1,2,1,1,0,0,0,0,1,0,1,0,3,0,1,1,0,3,1,1,0,0,0,0,0,1,0,2,1,1,0,0,0,0,0,1,0,4,0,0,0,0,0,0,0,6,2,0,0,0,9,1,1,0,0,1,0,0,8,0,0,1,1,0,1,0,0,0,0,1,2,2,1,0,0,1,1,2,1,0,1,1,1,0,4,2,3,0,2,2,0,0,0,6,0,1,0,1,0,0,0,1,0,0,1,0,1,1,1,2,1,0,2,2,1,1,0,1,0,3,0,0,1,1,1,0,0,1,1,0,1,5,0,0,0,0,2,7,3,0,0,1,2,0,0,1,1,0,4,1,1,3,0,0,0,0,0,1,0,2,0,2,1,0,3,1,0,0,0,0,0,0,0,2,0,1,1,1,0,0,0,3,0,34,2,0,0,2,1,1,0,1,3,1,0,6,0,0,1,0,0,1
4,5,4,10,8,8,1,4,3,6,0,3,0,5,7,2,10,6,0,1,4,6,1,1,9,7,7,3,4,2,1,6,3,3,7,9,2,6,3,2,9,5,2,4,4,0,2,2,4,3,12,8,5,4,4,3,0,8,4,1,1,8,0,0,3,3,7,8,0,7,3,1,9,0,5,4,0,0,5,1,0,1,4,0,6,1,5,2,3,0,3,0,3,3,1,1,2,5,0,0,1,3,2,5,1,1,8,5,2,0,0,1,5,3,0,3,5,0,4,1,2,6,5,6,0,0,0,2,10,2,0,0,4,8,4,2,1,3,7,0,5,3,2,5,4,3,5,3,0,2,3,0,6,0,2,3,2,4,3,2,0,1,0,1,3,3,5,1,0,0,3,2,4,4,8,6,2,3,1,4,1,1,1,0,2,6,5,5,2,0,0,5,1,8,6,4,3,4,3,9,5,0,4,8,6,5,6,6,3,3,5,6,5,2,8,1,3,3,4,4,2,5,4,1,1,1,0,5,0,1,8,1,2,9,5,0,18,4,2,1,88,3,0,0,4,0,2,2,1,2,6,7,4,19,6,11,0,1,0
4,1,0,7,3,1,7,2,3,12,0,2,0,4,5,1,6,1,1,1,1,3,0,1,1,2,2,5,2,2,1,3,1,1,2,7,0,1,3,1,3,3,0,2,0,0,0,4,0,5,2,1,3,0,1,1,0,5,2,3,2,6,0,0,1,0,0,5,2,6,1,1,1,0,2,0,1,0,2,0,0,0,0,0,6,2,1,7,1,0,0,1,5,4,4,1,0,0,0,0,0,1,0,0,1,1,2,13,0,4,0,0,0,1,0,6,4,0,2,2,0,1,2,0,0,1,1,1,4,1,0,0,1,7,1,1,1,4,2,3,5,5,2,2,0,2,3,0,1,1,6,0,2,0,1,3,2,4,5,2,0,2,0,1,2,0,1,1,0,2,4,0,2,0,3,0,2,1,0,0,0,1,0,0,2,5,5,2,0,0,1,1,1,4,4,1,2,4,4,6,2,2,2,1,4,6,4,8,4,0,2,3,1,1,6,0,2,1,0,2,0,6,0,1,0,0,1,1,1,0,8,0,4,4,8,0,8,0,5,2,65,0,1,0,3,0,2,3,5,0,2,0,3,9,4,7,2,0,0
2,1,0,4,2,2,3,0,3,5,1,2,0,1,4,4,2,2,0,0,2,2,1,0,2,6,0,1,0,0,0,0,0,2,2,3,0,0,2,1,1,4,0,0,1,0,0,0,0,0,3,3,3,0,0,2,0,1,3,0,0,2,0,0,0,0,1,3,0,3,1,0,4,0,0,2,1,0,2,0,0,0,0,0,1,0,0,0,2,0,1,0,0,0,3,0,1,1,0,1,0,0,0,0,0,2,1,4,0,2,0,1,1,0,0,2,15,0,6,0,0,1,4,2,1,2,0,2,2,0,1,1,1,1,2,1,0,3,2,2,3,2,1,0,1,1,3,2,0,1,1,0,2,0,0,5,0,2,1,1,0,0,1,0,1,0,0,0,0,2,1,0,1,4,1,0,1,3,0,0,1,0,0,0,2,4,2,2,1,1,0,1,2,3,2,2,1,1,1,3,0,0,0,2,1,3,1,2,2,0,1,2,6,2,1,0,0,0,2,3,1,3,2,1,1,2,0,2,0,0,1,0,4,1,1,0,5,1,0,0,23,1,0,0,1,0,3,0,1,0,0,0,3,8,7,0,0,2,0
0,0,0,1,1,2,0,1,1,2,0,0,0,2,0,1,1,0,0,0,0,0,0,0,1,3,1,1,0,0,1,0,0,1,1,1,0,0,3,1,0,0,0,1,1,0,0,0,1,1,3,0,1,0,1,0,1,1,0,0,0,1,0,0,3,1,0,1,1,0,1,0,1,0,1,0,0,0,1,0,0,0,0,0,0,0,0,1,0,0,0,1,0,1,0,0,0,0,0,0,0,0,0,0,0,0,0,0,0,1,1,0,2,0,1,0,0,0,0,0,0,1,0,0,0,2,0,0,0,0,0,1,0,0,0,0,0,1,1,0,1,0,1,0,0,0,0,1,0,0,0,1,1,0,0,0,0,1,0,0,1,0,0,0,5,0,0,0,0,1,0,0,0,0,1,1,0,0,0,0,0,0,0,0,0,1,0,0,1,0,0,0,0,3,1,0,1,0,0,1,0,0,0,0,1,0,2,1,0,0,0,0,0,0,0,0,0,0,1,0,0,1,0,0,0,0,0,0,0,0,0,0,0,0,2,0,1,0,1,0,8,0,0,1,0,1,0,1,1,0,1,0,0,2,0,0,0,0,1
2,3,0,2,1,2,3,3,1,3,0,2,0,4,3,5,3,1,0,0,3,2,1,3,1,2,6,7,0,5,2,0,0,3,4,1,0,0,1,1,1,0,3,1,0,0,2,3,1,1,1,4,1,2,1,2,0,0,5,1,1,9,0,0,1,1,1,1,0,0,0,2,3,0,0,2,0,0,3,0,0,1,1,0,3,0,0,1,0,2,0,1,7,1,8,1,1,1,0,0,1,1,2,0,0,0,2,3,1,1,0,0,3,0,0,3,12,0,5,2,0,5,3,4,0,2,0,0,7,1,1,0,0,5,0,2,0,9,4,3,2,0,1,1,0,5,3,1,0,3,0,0,1,0,1,1,1,4,2,0,0,1,0,1,0,3,0,0,0,2,1,0,1,1,1,1,0,1,0,0,1,3,2,3,0,8,1,3,1,0,0,0,0,4,4,5,0,3,0,9,0,2,0,4,1,3,2,4,2,1,2,2,4,4,3,0,0,2,0,4,0,3,0,0,1,0,1,1,1,0,6,1,6,2,6,0,6,0,0,1,27,1,1,1,3,1,3,4,2,3,2,1,3,10,0,4,0,0,0
2,0,3,4,6,1,1,0,2,2,0,1,0,4,0,0,0,0,0,0,1,1,1,0,2,2,1,2,0,0,0,0,1,2,0,1,0,5,3,1,0,5,0,1,0,0,0,2,0,0,8,1,2,1,0,0,0,4,6,0,0,5,0,0,4,0,0,6,0,3,0,1,1,0,0,1,0,0,1,0,0,0,1,0,1,1,0,2,0,0,0,0,3,0,2,0,0,0,0,0,0,0,0,0,1,1,0,1,1,0,0,0,0,2,0,0,4,0,2,1,0,0,2,0,0,3,1,4,3,0,0,0,0,0,0,1,0,1,2,3,1,3,0,2,0,0,1,3,0,0,0,0,0,0,1,0,0,2,1,0,0,3,0,0,4,0,0,1,0,1,0,0,2,3,0,0,1,0,0,0,1,1,0,0,0,3,4,1,0,1,0,0,1,2,0,2,0,1,0,6,0,0,1,2,1,3,2,3,1,0,1,1,0,1,4,1,2,0,0,1,1,1,0,0,0,0,0,0,0,0,3,0,5,1,1,1,2,0,1,0,26,0,0,0,0,0,0,0,2,0,1,1,1,5,0,4,2,0,0
2,3,0,0,2,1,0,0,1,5,0,0,0,0,1,1,3,0,0,0,1,0,0,0,1,0,0,1,0,1,0,0,0,1,1,0,0,0,2,0,1,2,0,1,0,0,0,0,0,0,3,2,1,0,0,0,0,0,2,1,0,1,0,0,1,0,0,1,0,2,0,0,1,0,0,0,0,0,0,0,0,0,1,1,2,0,0,1,1,0,1,0,1,0,0,0,1,0,0,2,0,0,0,0,0,0,0,2,0,0,0,0,1,1,0,0,5,0,4,0,0,1,2,3,0,1,0,0,2,1,0,0,1,1,0,1,0,2,0,1,0,0,1,0,0,0,3,2,0,1,1,0,2,0,0,1,1,2,1,0,0,2,0,0,0,0,1,1,0,0,0,0,1,1,0,0,0,1,0,0,0,0,0,0,0,3,0,0,1,0,0,0,2,1,0,2,1,1,0,0,1,1,1,0,0,2,3,2,1,0,2,0,2,0,1,0,1,1,1,0,0,0,0,0,0,1,0,1,0,0,2,0,4,5,0,0,1,0,0,1,9,0,0,0,0,0,1,0,1,0,0,0,2,3,0,2,0,0,0
0,0,0,3,1,1,3,0,1,5,1,0,0,1,2,1,3,2,0,0,3,0,0,1,2,1,4,4,1,3,0,2,2,0,3,1,1,3,3,1,0,3,1,1,3,0,2,2,1,2,0,2,3,2,4,0,0,3,2,1,0,5,0,0,0,3,6,0,0,2,0,6,5,0,2,0,0,1,1,0,0,0,0,0,3,1,2,2,1,0,1,0,0,2,2,0,2,0,0,1,0,3,0,0,0,0,1,5,0,1,0,0,0,0,0,3,5,0,4,1,0,1,4,3,0,2,1,0,0,1,0,2,1,4,1,1,0,4,3,0,0,2,1,1,0,0,1,0,1,3,0,0,2,0,1,2,1,2,2,1,0,0,0,0,1,1,3,0,0,2,2,1,1,1,0,1,4,0,0,0,1,2,1,0,2,3,6,1,1,0,0,1,2,0,1,3,4,4,0,7,1,0,1,1,0,1,2,2,0,0,1,0,2,0,1,2,3,0,2,5,0,1,1,1,0,0,0,0,1,1,6,1,2,4,1,0,8,0,0,1,52,1,1,0,1,1,4,0,2,1,4,0,1,5,2,3,0,0,1
0,4,1,3,1,0,2,0,2,3,0,0,1,4,0,0,2,0,1,0,1,0,1,1,1,1,1,1,0,1,0,1,0,0,1,0,0,0,1,1,0,1,1,0,2,0,0,0,0,0,1,3,0,0,1,1,0,1,0,0,3,3,1,0,4,0,2,2,0,3,0,1,0,0,0,0,0,0,0,0,0,0,2,0,0,0,0,4,1,0,1,0,3,1,2,2,0,0,0,1,0,0,0,1,0,0,0,1,0,2,0,0,0,1,0,0,4,0,1,1,0,1,1,0,0,3,1,1,0,0,0,0,0,1,0,1,0,3,1,1,0,2,0,1,0,0,1,1,0,0,0,0,3,0,0,1,0,0,1,0,0,0,0,2,1,0,0,3,0,2,1,0,0,3,0,0,0,0,0,1,0,0,0,0,0,3,2,2,3,0,1,0,1,3,0,3,0,0,1,0,0,0,1,1,0,0,2,2,1,0,0,0,1,1,1,0,1,1,0,2,0,0,0,1,0,0,0,0,0,0,1,2,1,1,1,0,3,0,1,0,22,0,0,0,0,0,0,0,0,1,0,0,0,7,0,2,0,0,0
1,1,1,2,1,0,1,0,2,1,0,1,2,1,1,0,3,0,1,0,2,0,0,0,2,0,1,2,0,1,0,0,2,0,2,0,0,0,2,0,0,0,1,1,1,0,0,0,0,0,4,4,0,0,1,0,0,1,1,0,0,3,1,0,1,0,0,1,0,0,0,1,1,0,0,0,0,0,1,0,0,0,0,0,0,0,0,1,1,0,0,0,0,0,1,0,1,0,0,0,0,1,0,0,0,0,1,0,0,0,1,0,0,0,0,0,1,0,0,0,0,0,0,1,0,1,0,1,2,0,0,0,0,1,1,1,1,1,0,0,1,0,2,1,0,1,1,1,0,0,0,0,2,0,1,0,0,2,1,0,0,0,0,0,0,0,0,1,0,0,0,0,1,0,0,0,0,1,0,0,2,1,0,0,1,1,2,0,1,0,0,2,1,1,0,0,0,0,0,1,0,0,1,2,1,1,0,2,0,0,0,1,0,0,3,0,0,0,0,2,0,0,0,0,0,0,0,0,0,0,5,0,0,2,1,0,5,1,0,0,10,0,0,0,0,0,0,1,2,1,1,1,2,7,0,2,0,1,0
1,2,2,4,1,0,1,0,0,3,0,2,0,2,2,0,2,1,0,0,2,0,0,0,1,0,0,2,0,1,0,0,0,0,0,1,0,0,1,0,0,0,0,2,0,0,2,0,0,0,1,0,0,0,0,0,0,4,0,0,0,0,0,0,2,0,0,3,0,1,0,0,0,0,0,0,0,0,1,1,0,0,0,0,1,0,0,2,0,0,0,0,0,0,1,0,0,0,0,0,0,0,0,0,0,1,2,1,0,0,0,1,0,0,1,0,0,0,0,0,0,0,0,0,0,2,0,0,1,0,0,0,0,0,0,1,0,0,0,0,0,1,0,0,0,0,1,1,0,0,1,0,3,0,0,1,1,1,0,1,0,3,0,0,1,0,0,0,0,0,0,0,2,0,0,0,1,0,0,1,0,0,0,0,0,1,2,0,1,0,0,0,1,1,2,0,0,0,0,1,0,0,1,0,0,0,3,2,2,0,1,1,1,0,1,0,0,1,1,0,0,1,1,0,0,0,0,0,0,0,0,0,1,1,3,0,1,0,0,0,15,0,0,0,0,0,0,0,2,1,0,1,1,8,2,0,1,0,0
3,3,3,1,1,3,2,3,0,2,0,1,2,2,9,2,2,1,1,2,3,1,3,4,3,2,6,3,1,3,2,2,3,6,1,1,1,2,2,2,2,0,1,1,2,0,0,1,1,2,3,11,1,6,1,0,0,0,3,1,0,6,1,0,2,0,1,1,0,3,0,5,4,1,2,0,1,1,1,0,1,0,1,0,2,1,1,2,0,0,1,0,2,2,1,0,5,2,1,0,0,2,0,1,0,0,1,6,0,1,1,2,2,0,3,3,0,1,7,1,1,3,7,4,1,4,1,3,7,0,1,0,4,1,3,1,1,5,0,4,1,3,2,2,0,1,3,0,0,3,0,0,4,0,2,2,0,4,3,1,0,2,0,2,0,3,2,0,0,4,6,0,0,4,1,1,0,2,0,1,1,4,0,0,0,4,6,2,1,0,0,0,1,4,4,3,1,4,2,6,0,0,1,1,1,3,0,7,4,0,2,3,3,2,5,2,2,0,1,5,0,4,3,0,0,0,0,0,2,1,7,1,2,4,4,0,8,2,0,0,45,1,0,0,3,0,3,2,1,0,4,2,2,20,2,8,1,0,1
2,0,1,1,3,5,4,1,1,5,0,3,1,1,3,0,1,0,0,0,0,1,2,2,1,1,3,1,1,0,1,0,1,0,1,1,3,2,3,0,0,0,0,0,2,1,0,1,0,0,0,3,2,0,0,1,0,2,1,2,0,1,0,1,6,0,0,3,1,1,1,3,2,1,2,1,0,0,1,0,0,0,1,0,2,0,1,3,0,0,0,0,2,2,3,1,1,0,0,3,0,0,0,1,0,0,0,4,2,1,0,1,0,0,0,1,1,0,3,0,1,1,1,1,0,0,0,1,1,0,0,0,2,0,0,0,0,0,0,6,1,1,2,0,0,1,2,0,0,2,0,0,1,0,1,0,0,0,3,3,0,0,0,0,3,1,2,0,0,0,1,2,1,0,1,1,0,1,0,0,0,1,0,0,1,1,3,0,0,0,0,1,0,1,0,0,1,2,0,3,1,0,0,2,0,0,2,2,4,1,1,0,0,0,4,0,2,0,1,0,0,1,1,0,2,1,0,1,1,1,4,2,1,2,2,1,3,1,0,2,45,0,0,0,1,0,2,1,0,0,1,1,0,10,1,5,0,0,1
1,2,2,3,2,0,1,0,0,0,0,0,0,1,1,4,1,0,0,0,3,1,0,0,2,1,4,4,0,0,0,4,2,2,2,1,2,0,1,0,1,3,1,2,1,0,0,2,2,1,2,2,2,0,1,1,0,0,5,0,2,8,0,0,1,0,3,2,0,2,0,1,1,0,0,0,0,0,2,0,0,0,0,0,1,1,0,0,0,0,0,0,3,1,1,0,1,1,0,0,0,2,0,1,0,1,0,2,0,2,0,1,5,0,0,0,6,0,3,0,0,0,1,1,0,0,0,2,1,1,0,0,1,0,0,0,0,1,0,1,3,1,0,1,0,0,5,2,0,1,1,0,0,0,0,1,0,1,0,0,0,0,0,0,1,0,0,0,0,2,2,0,2,2,1,0,1,0,1,1,0,1,2,0,1,0,3,0,2,0,0,1,0,1,5,4,2,3,1,7,2,0,2,4,2,0,0,2,1,0,4,4,3,1,1,1,2,1,1,7,0,2,0,1,0,1,0,2,0,0,1,1,1,2,0,0,3,0,1,0,10,0,0,0,2,0,0,2,1,0,0,2,0,3,0,4,0,1,0
1,2,0,1,2,0,2,0,2,1,0,0,0,3,0,3,0,0,0,0,2,0,0,1,2,1,0,1,1,0,1,1,2,1,2,1,1,0,1,0,1,2,0,1,0,0,0,1,0,2,1,2,0,1,1,0,0,2,5,0,1,0,0,1,2,0,1,1,0,1,0,0,1,0,1,1,0,0,1,0,0,0,0,1,5,1,0,0,1,0,0,0,7,1,3,0,1,0,0,0,0,0,1,0,0,1,1,1,0,0,0,0,1,0,0,0,2,0,5,0,0,0,3,0,0,2,1,4,1,1,0,0,1,2,0,0,0,3,2,1,3,1,1,0,0,2,3,0,0,1,1,0,3,0,2,4,0,0,0,0,0,2,0,2,1,0,1,0,0,1,1,0,1,4,0,0,0,0,0,0,0,0,0,0,2,0,0,1,0,1,0,0,0,0,2,1,0,1,0,1,0,0,0,3,1,5,0,2,2,0,2,0,0,1,6,1,1,0,0,1,1,2,0,0,0,0,0,0,0,0,1,0,2,3,1,0,1,0,0,0,12,0,0,0,0,0,0,4,1,0,1,1,0,1,1,3,0,0,0
4,3,1,3,1,4,5,1,0,1,0,3,1,3,4,1,2,2,0,1,6,2,2,2,2,1,1,15,2,2,1,0,1,0,4,5,0,5,2,2,1,2,0,0,5,1,1,3,2,4,1,5,0,5,0,1,0,1,3,3,0,1,0,0,4,1,1,0,1,2,0,6,2,0,1,0,0,1,0,0,0,0,1,0,0,0,1,3,0,0,0,1,0,0,5,0,0,3,0,1,0,2,0,2,0,2,1,3,0,0,0,0,0,0,1,4,1,0,4,0,0,9,3,0,2,1,1,2,8,2,0,0,3,2,1,0,0,5,1,4,0,6,0,10,1,1,0,1,0,1,0,0,0,0,2,1,0,6,13,0,0,0,0,0,1,0,2,0,0,7,5,0,4,3,2,1,1,1,0,2,0,8,0,1,0,6,3,0,0,0,1,1,0,9,3,2,0,2,1,1,3,0,0,1,1,2,2,3,14,1,0,0,0,0,4,3,2,0,0,1,0,7,0,0,0,1,0,0,0,0,7,2,2,6,6,1,5,0,0,0,42,1,1,0,6,0,7,1,1,0,10,1,8,11,3,1,0,2,1
0,1,0,0,0,0,1,0,1,1,0,2,0,0,1,0,0,0,0,0,0,1,0,0,1,0,0,1,0,0,0,0,0,0,0,0,2,0,0,0,1,2,1,1,0,0,0,0,0,1,1,0,0,0,1,0,0,2,2,0,0,1,0,0,2,0,1,0,0,0,0,1,0,0,0,0,0,0,1,0,0,0,1,0,0,0,0,0,0,0,1,0,0,0,1,0,0,2,0,0,1,0,0,1,0,0,0,2,0,0,0,1,0,0,0,1,4,0,2,0,0,2,0,1,0,1,0,2,1,0,0,0,1,0,0,0,1,1,1,0,1,0,0,0,0,0,0,0,0,0,2,0,3,0,0,0,0,0,0,0,0,0,1,0,2,0,0,0,0,1,0,0,0,1,0,0,0,2,0,0,1,0,1,0,1,1,3,2,0,1,0,0,1,0,1,2,0,2,0,0,0,0,1,0,1,0,2,0,0,0,0,1,2,1,0,0,0,1,0,3,1,1,0,0,0,0,0,0,0,0,0,2,2,0,0,0,0,0,0,1,6,1,0,0,0,0,0,0,1,1,0,0,0,4,1,0,0,1,0
2,2,6,1,0,4,1,2,1,1,0,5,0,1,0,2,3,2,1,0,2,4,3,3,6,2,2,0,2,1,1,0,3,2,2,1,2,2,4,1,1,2,2,4,4,0,0,0,1,0,3,4,1,1,5,2,0,2,1,2,2,3,0,0,2,3,2,1,0,5,0,4,4,1,1,1,0,0,0,0,0,0,1,0,2,1,1,4,1,0,2,0,3,8,1,0,1,2,0,1,0,1,1,0,0,1,4,1,0,2,0,1,2,1,2,2,3,0,1,2,1,2,5,1,0,3,0,3,1,1,0,0,3,3,3,3,1,1,2,1,0,2,1,2,1,0,5,2,0,3,3,0,4,0,0,2,0,3,5,2,0,3,0,1,5,0,0,2,0,0,2,0,2,4,4,0,1,1,0,2,1,6,0,0,0,2,1,2,3,0,0,1,1,4,3,2,0,3,0,1,0,1,1,1,4,1,0,1,1,2,3,3,4,7,3,0,0,1,2,2,0,4,1,1,3,2,0,2,0,0,1,2,3,1,1,1,7,0,1,0,48,1,0,0,2,0,2,2,1,1,1,0,1,41,1,1,3,3,0
1,0,0,0,0,8,9,3,2,13,0,1,2,0,4,1,0,2,0,0,2,2,1,3,0,1,3,14,2,2,2,1,1,0,6,8,0,5,2,1,1,1,0,1,1,0,1,1,1,1,0,10,0,5,0,2,0,2,3,0,0,1,0,0,1,0,1,2,1,1,0,2,2,0,4,0,0,1,2,0,1,0,3,0,1,1,2,3,2,0,1,0,0,0,12,0,3,1,0,0,1,3,0,1,0,1,1,23,0,2,0,0,0,0,0,7,2,0,3,1,0,9,1,0,0,3,0,1,16,2,0,0,4,5,0,0,0,16,2,3,0,1,0,7,0,0,2,0,0,0,0,0,0,0,0,0,1,6,12,1,1,1,0,0,0,0,1,0,0,5,2,1,2,1,0,1,2,2,0,0,0,2,0,0,1,13,0,0,0,2,0,0,0,11,1,0,1,9,4,4,3,0,0,2,0,4,1,15,9,0,1,0,0,0,2,3,2,0,1,0,0,1,1,0,0,0,0,1,2,0,12,0,0,12,7,0,14,0,0,0,54,1,0,0,2,1,6,3,0,0,6,1,6,2,0,2,0,0,1
0,1,1,1,1,5,1,1,0,0,0,0,1,0,2,1,4,4,0,1,2,2,2,2,0,1,3,0,0,0,1,0,1,3,1,1,0,2,2,1,5,2,0,1,1,0,0,2,1,1,2,1,2,1,0,1,1,2,2,1,1,5,0,0,0,0,0,3,1,1,0,1,1,1,2,1,0,0,1,0,1,0,1,0,0,0,1,2,0,0,1,0,1,0,0,0,2,4,1,0,0,4,0,0,0,1,2,2,0,1,0,0,2,2,1,1,3,0,3,1,1,1,1,1,1,3,2,4,2,1,0,0,1,2,0,0,0,0,0,2,2,5,2,0,0,0,3,0,0,1,1,0,5,0,1,0,0,2,2,0,0,4,0,0,1,0,2,0,0,1,1,0,1,0,2,1,1,2,0,0,3,2,0,0,1,2,0,0,0,0,0,0,2,4,2,1,0,0,3,3,1,0,1,2,1,1,1,0,2,1,2,2,0,1,1,0,0,2,1,2,0,3,1,1,0,0,0,1,0,2,6,2,2,2,8,0,4,1,2,2,32,0,0,0,0,0,0,1,0,0,0,3,1,17,3,6,0,0,1
4,4,0,3,2,1,7,3,8,4,0,4,1,5,1,0,2,2,0,0,2,3,1,0,5,9,1,3,0,0,0,1,1,1,1,4,0,13,14,1,2,4,0,3,0,0,1,2,1,1,4,0,3,0,2,3,0,4,2,0,1,4,0,0,3,2,2,1,0,6,0,0,0,1,2,5,1,0,0,0,0,0,2,2,2,1,1,18,0,1,3,0,3,1,2,1,1,0,0,0,0,0,1,5,0,2,1,3,0,1,0,0,0,0,0,0,3,0,1,0,1,1,1,1,0,3,2,5,2,1,1,0,1,1,0,0,0,3,1,2,0,20,1,0,1,3,3,4,0,0,1,0,3,0,1,1,0,0,1,0,0,2,0,0,3,3,0,1,0,4,1,3,5,2,1,0,1,2,0,1,1,0,1,1,1,2,3,1,2,0,1,0,1,3,3,8,0,1,1,6,0,0,2,2,0,2,2,4,3,0,3,3,1,0,4,0,8,1,2,4,1,2,2,0,1,1,0,0,0,0,4,0,1,0,2,1,2,0,3,0,115,1,1,0,1,0,2,0,4,1,1,1,2,2,0,5,2,0,0
1,0,0,2,1,1,1,0,3,3,0,0,0,1,0,0,0,3,1,0,3,4,1,1,0,0,1,2,0,0,0,0,0,0,5,2,1,3,1,0,0,1,1,1,1,0,2,0,0,0,2,2,0,1,1,0,0,1,0,0,0,0,0,0,0,0,0,1,0,1,0,3,0,0,1,0,0,0,1,0,0,0,0,0,0,2,1,2,0,0,1,0,0,0,3,0,1,2,0,1,0,0,0,1,0,1,0,2,0,1,0,0,0,0,0,5,0,0,1,0,0,6,0,2,0,0,0,0,3,0,0,0,3,1,1,0,0,1,1,0,2,2,0,10,0,0,0,2,1,0,1,0,0,0,0,0,0,2,2,0,0,0,0,1,1,0,0,0,0,6,0,0,2,0,1,0,1,1,0,1,1,2,0,0,0,3,1,1,0,0,0,1,0,2,5,0,0,0,0,2,1,0,0,1,0,1,2,1,2,0,0,0,0,1,0,0,0,1,0,1,0,7,0,0,1,1,0,0,0,0,0,0,2,1,1,0,1,0,0,1,20,0,0,0,0,0,3,0,2,0,0,1,3,0,4,0,2,0,0
0,0,0,0,0,0,0,2,0,0,0,0,0,0,2,0,0,1,0,0,1,0,1,2,0,0,1,0,1,1,2,0,0,1,1,3,1,1,1,0,0,1,0,2,0,0,0,1,0,0,1,1,0,3,0,0,0,0,1,0,0,2,0,0,0,0,1,1,0,1,0,0,1,1,1,0,0,0,0,0,1,0,0,0,0,0,0,1,0,0,0,0,2,0,2,1,0,1,0,1,0,0,0,0,0,0,0,1,0,1,0,0,3,0,0,1,1,0,0,0,0,4,1,1,0,0,1,1,1,0,0,0,1,0,1,0,0,1,0,0,0,0,1,1,0,0,0,2,0,1,0,0,0,0,0,0,0,2,1,1,0,2,0,0,0,2,1,0,0,2,0,1,0,0,0,2,0,1,0,0,0,0,0,0,1,1,0,0,1,0,0,0,0,2,1,2,0,0,1,2,0,0,0,2,0,1,0,1,3,0,1,0,0,0,0,0,0,0,0,1,0,1,0,0,0,0,0,2,0,0,1,2,0,0,0,0,1,1,0,0,5,2,1,0,1,0,0,1,0,0,0,1,1,3,0,1,0,0,1
0,1,0,1,1,2,1,3,1,16,0,0,1,0,2,1,0,2,1,0,5,1,3,1,0,0,3,4,1,0,1,1,0,3,6,0,1,2,0,2,0,1,0,1,2,1,0,1,1,0,1,6,0,1,1,0,0,3,6,0,0,4,0,0,0,2,3,4,1,3,1,5,0,0,2,1,0,0,5,0,0,1,0,0,1,0,1,2,0,0,0,1,0,0,7,1,1,3,0,3,0,0,0,1,0,0,2,7,0,3,1,0,1,0,1,0,3,1,4,0,0,1,1,1,1,2,0,1,5,0,0,0,2,5,1,0,0,7,2,1,1,0,0,1,0,0,2,2,0,2,1,1,1,1,2,2,2,3,2,0,0,0,0,1,0,1,0,0,0,3,2,1,2,1,1,0,1,2,0,1,0,1,1,0,1,1,2,0,0,0,0,1,1,5,8,4,1,3,2,2,2,0,0,0,0,3,1,7,2,0,5,1,5,2,0,1,5,1,0,3,0,1,0,0,0,0,0,0,0,0,4,1,1,3,6,1,2,0,4,1,28,0,0,0,3,1,2,2,0,0,3,6,5,3,1,2,1,0,1
2,2,1,4,1,1,7,1,1,5,0,0,0,0,1,0,3,0,0,0,1,0,0,1,0,1,1,3,0,0,3,1,1,0,0,0,0,0,0,1,0,0,1,1,0,0,1,0,0,2,2,1,0,0,0,2,0,1,1,0,1,2,1,1,1,0,0,4,0,1,0,0,0,0,0,1,0,0,1,1,0,0,1,0,0,1,0,2,1,0,0,0,2,0,2,1,1,0,0,0,0,0,0,0,0,0,0,4,0,0,0,0,1,0,0,0,0,0,1,2,1,0,2,0,0,1,0,0,0,1,0,0,0,0,1,3,1,1,1,0,0,2,0,1,0,1,1,2,1,0,0,0,1,0,0,0,1,4,1,0,0,3,0,2,1,0,1,1,0,0,0,0,0,0,0,0,0,0,0,0,1,1,0,0,0,4,1,0,2,1,0,0,1,2,0,2,0,1,1,2,2,0,1,1,0,3,0,1,1,0,2,0,0,1,2,0,0,0,1,0,0,3,0,0,0,0,0,0,0,0,4,0,1,0,1,0,0,0,1,0,26,0,0,0,0,0,1,2,1,0,1,2,0,4,1,0,0,0,0
4,1,0,1,0,1,0,0,1,2,0,0,0,1,2,0,0,1,0,0,1,2,1,0,0,0,0,2,2,0,2,1,0,1,2,2,2,0,1,1,2,0,0,2,1,0,3,1,1,0,3,0,0,0,1,1,0,1,1,1,1,2,0,0,0,1,1,2,0,3,0,2,0,0,2,0,0,0,1,0,0,0,1,0,1,0,1,6,1,0,2,0,1,0,2,1,0,2,1,0,0,0,1,1,0,1,1,2,0,2,0,0,0,1,1,1,2,0,3,4,1,2,2,2,0,0,0,0,1,0,0,0,0,1,0,0,1,2,2,1,0,0,1,2,0,1,3,1,0,2,0,0,0,0,0,2,0,4,4,1,0,0,0,0,1,3,1,0,0,4,0,0,2,0,0,0,0,1,0,1,0,2,0,0,2,2,1,0,1,0,0,1,2,0,3,1,1,0,1,3,1,0,1,1,2,2,0,2,2,0,2,1,1,0,0,0,4,0,0,2,0,2,2,0,0,1,0,1,0,0,3,0,1,1,1,0,0,0,2,1,23,0,0,0,1,0,1,0,1,1,1,2,4,6,0,1,1,0,0
0,1,0,1,0,0,0,0,0,0,0,0,0,1,0,0,1,0,0,0,1,1,0,0,0,2,2,0,0,0,0,0,0,0,2,0,1,0,0,0,1,1,1,0,0,0,0,0,0,1,1,0,0,0,1,2,0,0,4,0,0,0,0,0,0,0,1,0,0,1,0,1,0,0,0,0,0,0,1,0,0,0,1,0,0,0,0,0,0,1,1,0,1,0,0,0,1,0,0,0,0,0,1,0,1,0,0,0,0,0,0,0,0,1,0,0,5,0,1,0,0,0,2,2,0,1,0,0,0,0,0,0,1,1,0,2,0,0,1,0,1,0,0,0,0,0,1,0,0,0,0,0,1,0,0,3,0,0,0,0,0,1,0,0,0,1,0,0,0,0,0,0,0,1,0,0,0,1,0,1,0,1,0,1,0,1,2,0,0,0,0,0,0,1,2,2,0,0,0,0,0,1,0,1,0,1,1,0,1,0,1,0,1,1,2,1,0,0,0,2,1,1,0,1,0,0,0,0,0,0,0,0,2,1,0,0,0,0,0,1,3,0,0,0,0,0,0,0,0,0,0,1,0,1,0,0,0,0,0
0,0,0,1,4,0,5,1,1,19,0,0,0,3,0,1,0,0,0,0,1,0,1,1,1,0,0,9,0,1,2,2,2,1,1,1,0,1,1,2,0,1,2,2,0,0,0,1,1,1,0,2,1,0,2,1,0,1,1,0,0,0,0,0,1,0,0,1,1,0,0,3,1,1,0,0,0,0,0,0,0,0,3,0,0,0,1,1,0,0,0,0,0,0,6,1,1,0,0,0,1,0,0,0,0,0,0,14,2,0,0,0,0,0,0,0,1,0,2,1,1,1,1,0,0,2,0,3,1,0,0,0,0,0,0,0,1,4,0,0,1,2,5,0,0,2,1,1,0,0,0,0,0,0,0,2,1,0,3,0,0,4,0,0,1,0,0,0,0,1,0,0,2,2,0,0,1,1,0,0,0,0,0,0,0,2,3,0,2,0,0,0,1,1,1,1,1,1,3,0,1,0,0,0,1,2,0,9,1,0,0,0,1,1,3,0,1,1,1,0,0,1,1,0,0,0,0,0,0,1,2,0,1,0,2,0,0,0,2,0,23,0,0,0,1,0,2,2,4,2,1,0,1,5,2,3,0,0,1
0,1,0,0,2,0,1,0,6,0,0,0,0,2,2,2,0,0,0,1,0,0,1,2,3,1,0,0,1,0,2,4,1,2,1,1,1,4,1,0,0,1,0,1,0,0,0,2,1,0,0,0,0,2,3,0,0,2,0,0,1,0,0,0,0,0,0,0,0,15,0,3,0,0,0,0,0,1,1,0,0,0,1,0,1,1,0,9,0,0,0,0,1,1,0,2,0,1,0,0,0,0,3,0,0,2,0,1,0,0,0,0,2,0,0,0,0,0,0,0,0,4,0,1,0,2,0,7,1,1,0,0,0,1,0,0,0,1,0,2,1,5,7,0,0,1,0,3,0,8,1,0,0,1,0,0,0,1,3,0,0,2,0,1,0,14,1,0,0,15,6,2,1,7,0,0,2,0,0,0,0,3,0,0,0,0,1,0,2,0,3,0,0,1,0,0,0,0,0,0,0,0,2,2,2,1,7,1,0,0,1,0,2,2,2,0,4,1,2,2,0,1,0,0,0,0,0,1,1,0,0,0,1,0,0,1,0,0,2,0,27,1,0,0,0,0,1,2,0,1,4,2,1,4,0,0,1,0,1
0,0,0,0,2,0,2,0,0,11,0,0,1,0,0,1,2,0,0,0,0,0,0,0,0,0,0,0,0,2,0,0,0,3,0,2,0,0,0,0,0,2,1,0,0,0,0,0,0,0,1,1,0,1,0,1,0,0,1,0,0,1,0,0,0,0,1,1,0,0,0,0,0,1,0,0,0,0,1,0,0,0,0,0,0,0,0,0,0,0,0,0,0,0,0,0,1,0,0,0,0,0,0,0,1,0,0,9,1,1,0,0,1,0,0,4,5,0,0,0,0,0,4,0,0,0,0,0,1,0,0,0,0,0,0,0,0,0,0,0,2,1,0,0,0,0,0,1,0,1,0,0,0,0,1,1,0,0,0,0,0,0,0,0,0,0,1,0,0,0,0,0,0,0,0,0,0,0,0,0,0,1,0,0,0,0,1,0,0,0,0,0,0,0,2,2,0,0,0,0,0,0,0,0,1,0,0,0,1,0,0,0,1,1,0,0,0,0,0,0,0,0,0,0,0,0,0,0,0,0,0,0,2,1,0,0,2,0,0,0,5,0,0,0,0,0,1,2,0,1,1,0,1,2,1,0,0,0,1
0,0,0,0,1,0,0,0,0,1,0,0,0,0,1,3,0,0,0,0,0,0,0,0,0,0,0,0,0,1,0,0,0,1,2,1,0,0,1,0,0,0,0,1,0,0,0,1,1,0,0,0,0,1,0,1,0,1,0,0,0,1,0,0,0,0,0,1,0,0,0,0,0,0,0,0,1,0,0,0,1,0,0,0,0,0,1,0,0,0,0,0,0,1,0,0,1,0,0,0,0,0,0,0,0,0,1,1,0,0,0,0,2,0,1,0,0,0,0,0,0,0,0,0,0,0,0,0,0,0,0,0,0,1,0,0,0,0,0,1,1,0,1,1,0,0,0,1,0,0,1,0,1,0,0,4,0,1,0,0,0,0,0,0,0,0,0,0,0,0,0,0,0,0,0,1,0,0,0,0,1,0,0,0,1,1,0,0,0,0,0,0,0,0,0,0,0,0,0,1,0,0,0,0,0,1,0,0,0,0,1,0,0,0,1,2,0,0,0,0,0,1,0,0,1,0,0,0,0,0,0,0,0,0,1,0,0,0,0,0,2,0,0,0,1,0,0,0,0,0,0,1,0,2,0,0,0,0,1
0,1,3,1,1,2,0,1,1,2,0,0,0,3,2,0,7,0,1,0,2,1,1,2,1,2,2,2,1,2,0,0,1,2,1,1,1,0,1,0,0,5,0,1,0,1,2,0,0,0,1,1,1,0,2,1,0,1,1,1,1,3,0,0,1,2,1,4,1,2,2,0,5,0,1,0,2,0,2,0,0,0,1,0,3,1,0,0,0,0,0,0,0,2,1,0,1,1,0,0,0,2,1,0,0,1,2,1,0,0,0,1,0,1,0,1,4,0,0,1,0,0,1,2,0,0,0,0,1,0,0,0,0,0,1,1,0,0,3,3,3,1,1,1,1,1,3,1,0,0,1,0,1,0,0,3,1,0,2,0,0,0,0,1,4,0,0,0,0,0,0,0,1,1,1,0,0,1,0,0,0,0,0,0,0,4,1,0,0,0,0,0,2,0,1,2,0,2,0,4,2,0,1,0,2,2,1,1,1,0,0,0,2,2,0,1,0,1,1,2,0,0,1,0,1,0,1,2,0,0,3,0,1,1,7,0,5,0,2,1,18,1,0,0,1,0,1,1,1,1,2,1,2,7,0,5,3,1,0
0,1,0,1,0,4,3,1,1,4,0,0,0,2,3,1,3,0,0,1,3,1,0,1,0,1,1,4,0,1,2,0,0,2,0,0,0,1,2,2,0,0,0,0,0,0,1,1,0,1,5,4,0,2,0,0,0,0,0,1,2,7,0,0,2,2,0,3,2,3,0,1,3,0,1,0,1,0,0,0,0,0,0,0,0,0,0,1,0,1,0,1,0,1,0,0,0,0,0,0,0,0,0,1,0,0,1,1,0,1,0,0,1,0,1,4,1,0,1,0,0,1,1,2,0,1,0,0,0,1,0,1,1,0,0,0,0,1,2,1,2,3,1,0,0,1,1,1,0,0,0,0,0,0,1,0,1,3,1,1,0,4,0,0,0,0,0,0,0,4,2,2,1,1,2,0,3,0,0,1,1,1,0,0,0,2,1,1,0,0,0,0,0,7,1,1,2,1,1,3,1,0,0,0,0,2,1,2,1,2,1,1,0,2,2,0,5,0,1,0,0,0,0,0,0,0,0,0,0,0,2,1,2,2,3,0,6,1,1,0,28,0,0,1,1,0,3,0,0,0,0,3,0,6,2,1,1,0,1
2,0,1,0,1,0,1,1,0,3,1,0,0,1,2,2,1,1,0,3,1,1,0,4,2,0,1,0,0,1,0,2,2,3,2,1,0,0,3,2,1,1,2,0,2,0,2,3,2,4,0,0,1,0,4,1,0,1,1,2,0,2,0,0,0,0,3,0,0,0,1,2,0,0,0,1,0,0,0,0,1,0,0,0,2,0,0,0,0,0,0,0,5,2,0,0,1,0,0,4,0,2,0,1,0,1,2,1,0,2,0,2,1,0,1,2,3,0,2,0,0,0,1,1,0,0,0,0,0,2,0,0,2,3,2,4,0,0,2,3,0,0,2,0,0,2,2,0,0,1,0,0,2,0,1,0,2,0,1,1,1,1,0,3,0,0,0,0,0,0,1,0,0,0,1,1,3,1,0,2,1,0,0,0,0,2,1,1,0,0,0,0,3,0,1,0,3,0,0,4,1,0,2,4,3,0,1,2,1,0,3,1,0,2,1,1,1,1,2,1,1,2,2,0,0,0,0,1,1,0,1,2,1,2,0,0,2,3,0,0,23,0,0,0,0,0,1,0,1,1,1,2,0,10,2,2,1,2,1
3,1,0,2,1,0,2,0,0,5,0,3,0,1,6,4,3,0,0,1,4,2,1,1,1,1,0,3,0,0,0,4,5,0,1,2,1,0,1,0,3,1,1,2,0,0,0,1,2,0,1,1,0,0,0,3,0,0,5,0,1,4,0,0,1,0,2,2,0,2,0,2,3,0,2,0,1,0,5,0,0,0,1,0,1,1,1,0,1,0,4,0,2,0,2,1,5,1,0,0,1,1,0,0,0,4,2,1,0,0,1,1,2,1,1,1,4,0,5,2,0,0,4,3,0,3,2,1,0,1,0,0,0,1,0,0,0,3,2,0,2,1,1,0,0,1,0,1,0,0,0,1,1,0,0,4,0,2,2,0,0,2,0,0,1,2,0,0,1,2,2,0,1,3,0,2,0,1,0,0,1,1,1,2,2,2,1,0,0,0,0,0,1,4,0,5,0,3,3,6,1,0,2,5,0,3,0,4,3,0,3,1,2,0,2,1,2,2,2,2,0,1,4,1,1,1,1,1,0,0,2,0,0,3,2,0,1,0,1,1,12,2,0,0,0,0,2,1,3,1,2,2,2,5,1,5,0,1,0
0,0,1,2,1,0,2,1,0,1,0,0,1,1,1,0,0,0,0,0,1,0,0,3,2,0,1,0,0,1,2,0,1,3,1,2,3,1,0,0,5,0,3,0,1,0,1,0,0,1,0,6,0,0,0,1,0,0,2,0,0,0,0,0,0,2,1,0,0,0,0,5,1,1,1,1,0,0,1,0,0,0,1,0,0,0,0,2,0,1,0,0,1,0,2,0,0,0,0,0,0,0,0,0,0,0,0,1,0,1,0,0,1,0,0,2,3,0,2,1,0,1,4,1,0,0,0,0,1,0,0,0,3,0,0,0,1,5,1,5,0,0,0,1,0,0,7,0,0,0,0,1,0,0,2,1,0,2,4,1,0,1,0,0,0,0,2,0,0,0,2,0,0,5,0,1,0,0,0,0,0,1,1,0,0,2,1,0,1,0,0,0,2,1,0,3,1,0,1,1,2,0,0,0,0,0,0,0,2,0,1,0,3,1,2,0,5,0,0,5,0,4,0,1,0,0,0,0,0,0,0,0,0,0,3,0,2,0,0,0,14,0,0,1,1,0,0,0,0,1,1,3,1,10,0,0,0,0,1
1,0,0,0,1,3,1,1,0,0,0,0,0,1,1,1,3,4,1,0,2,1,0,2,3,2,0,0,0,1,2,2,1,1,1,0,0,0,3,0,1,0,1,1,2,0,1,2,1,1,4,2,1,0,0,1,0,2,0,0,0,5,0,0,1,2,2,1,0,3,0,0,0,0,1,0,1,0,0,0,0,0,0,0,0,2,0,1,0,0,1,0,0,1,0,0,3,0,1,0,0,2,0,0,0,0,2,0,0,0,0,1,2,1,0,0,0,0,2,0,0,1,0,0,0,1,1,0,1,0,0,0,1,0,1,1,0,2,1,2,2,2,1,0,0,1,0,2,0,0,0,0,1,1,1,1,0,1,0,0,0,0,0,2,0,1,3,0,1,0,0,1,2,3,1,1,1,0,0,0,0,3,1,0,1,1,1,1,0,0,0,0,0,3,0,0,0,2,1,2,0,0,1,1,0,2,1,0,1,0,4,0,2,1,2,0,4,1,2,1,1,1,0,0,0,1,0,0,0,1,2,2,1,2,1,0,3,0,1,0,17,1,0,0,1,1,0,1,1,1,1,2,1,13,0,2,0,3,1
1,0,1,1,1,2,1,1,1,0,0,0,0,1,1,1,2,3,1,0,2,2,0,3,3,2,1,1,0,1,2,1,0,1,2,0,0,0,3,0,1,1,1,1,1,0,1,1,1,0,2,3,1,0,0,1,0,1,1,1,0,4,0,1,1,2,0,1,0,3,0,0,0,0,1,0,0,0,1,0,0,0,0,0,2,2,0,0,0,0,1,0,0,0,0,0,2,0,1,0,0,1,0,1,0,1,1,0,0,0,0,1,3,1,0,1,1,0,0,0,0,0,1,1,0,1,1,0,1,0,0,0,0,1,1,0,0,1,0,1,2,2,0,0,0,0,1,1,0,0,0,0,1,0,1,1,0,4,0,1,0,1,0,1,0,0,1,0,0,0,2,1,2,3,1,1,1,1,1,0,0,3,0,0,1,1,2,1,1,0,0,0,1,3,0,0,0,3,2,1,0,0,1,1,1,3,1,1,1,0,2,0,2,1,1,0,4,1,2,1,1,3,0,0,0,1,0,0,0,0,2,2,2,1,1,0,3,0,1,1,18,1,0,0,3,0,0,0,1,1,0,1,1,14,0,3,0,3,0
2,1,1,0,2,2,0,1,2,2,0,1,0,2,1,2,3,2,1,1,2,1,0,0,0,0,2,2,0,0,1,0,1,2,2,0,0,0,1,0,2,1,0,0,1,0,0,0,0,0,1,3,0,0,1,2,1,2,2,1,0,4,0,0,3,0,2,3,0,2,0,0,4,0,0,0,0,0,1,0,0,1,0,0,4,0,0,0,0,0,0,1,2,0,1,0,0,2,0,0,0,1,0,0,0,0,2,0,0,0,0,0,2,0,1,0,7,0,0,1,0,2,2,2,0,2,0,2,2,0,0,0,1,1,0,0,0,1,0,0,2,0,0,1,1,0,3,1,1,0,0,0,1,0,0,3,0,5,0,2,0,2,0,0,2,0,1,0,0,0,0,0,0,0,1,1,0,1,0,0,0,0,0,0,0,1,3,0,0,0,0,2,0,0,0,1,0,1,0,6,1,0,0,1,2,3,3,2,0,0,1,1,2,0,1,1,0,0,0,1,0,2,0,0,0,0,0,0,0,0,5,1,1,1,4,0,4,0,0,0,21,1,0,0,1,0,0,2,2,0,0,0,1,4,2,5,0,0,0
0,0,0,2,1,0,1,0,1,1,0,2,0,1,0,0,2,0,0,0,0,0,0,0,0,0,0,1,0,1,0,0,0,1,1,2,0,0,1,0,0,3,1,1,0,0,0,1,0,1,1,0,0,0,0,2,0,0,0,0,0,3,0,0,0,0,0,1,0,1,0,0,0,0,0,0,0,0,1,1,0,1,0,0,1,0,0,0,0,1,0,0,0,0,1,0,1,0,0,0,1,0,0,1,0,0,0,2,0,0,0,0,1,0,0,1,3,0,1,0,0,1,2,0,0,2,0,0,1,0,0,0,0,0,0,2,0,2,0,0,0,0,0,1,0,0,0,2,0,0,0,0,0,0,0,1,0,2,0,0,0,0,2,1,0,0,0,0,0,1,0,0,0,0,0,0,0,0,0,0,0,0,0,0,0,0,0,0,2,0,0,0,1,1,2,2,0,0,0,1,0,1,0,0,0,0,1,0,1,0,0,0,0,0,0,0,0,0,0,1,0,0,0,0,0,0,0,1,0,0,0,1,3,2,2,0,1,0,0,0,6,1,0,0,0,0,1,0,2,1,0,0,0,1,0,0,1,0,0
1,1,1,1,2,5,7,0,3,5,0,0,0,2,5,0,3,3,0,0,3,2,0,0,0,3,2,3,0,0,0,1,0,0,2,2,1,1,1,1,3,1,0,1,0,0,0,1,1,1,3,5,0,0,0,4,0,2,2,1,1,6,0,1,3,0,1,1,0,2,0,1,0,0,1,0,0,0,1,0,0,0,1,0,2,0,1,2,0,0,0,0,1,0,2,0,0,1,0,0,0,1,0,1,0,0,0,5,3,1,0,0,4,1,0,0,1,0,0,0,0,2,0,2,0,2,0,0,3,0,0,0,0,1,0,1,0,5,0,0,4,2,0,0,0,0,1,4,0,0,1,0,2,0,1,3,0,3,4,1,0,2,0,1,3,0,0,0,0,1,0,0,0,4,0,0,2,1,0,0,1,0,0,0,1,5,2,1,1,0,0,0,1,5,1,2,0,2,0,6,0,1,2,1,4,3,1,4,1,1,1,0,1,0,4,0,0,0,0,1,0,2,0,2,0,0,0,0,0,1,6,0,1,1,3,0,6,0,2,1,41,0,1,0,0,0,0,1,3,1,0,1,0,6,0,3,0,1,0
2,1,0,1,1,3,4,0,2,1,0,2,0,1,1,1,0,0,1,0,1,2,1,1,1,2,1,1,0,0,1,6,0,1,3,3,1,3,1,1,0,2,0,0,1,0,0,0,0,0,2,2,0,2,1,0,0,2,1,1,1,1,0,0,6,0,0,2,0,20,0,1,0,0,1,0,0,0,1,0,0,0,1,0,1,1,0,17,0,0,2,0,0,0,2,2,1,1,0,1,0,0,6,0,0,8,0,5,0,2,0,0,2,0,0,8,0,0,3,0,0,9,0,0,0,3,0,6,0,1,0,0,0,1,0,0,0,4,0,1,0,9,4,4,0,0,1,1,0,11,4,0,0,0,1,1,0,0,3,0,0,2,0,1,1,23,2,0,0,5,7,0,2,6,0,1,4,1,0,0,0,3,0,0,0,0,1,1,2,0,3,0,0,1,2,2,0,1,0,0,0,0,1,1,1,3,9,5,5,0,1,0,1,0,0,0,6,1,1,4,0,2,0,2,1,0,0,0,0,0,0,0,1,0,2,0,1,0,1,2,76,0,0,0,0,1,3,1,1,8,3,1,8,5,0,0,2,0,0
13,17,0,1,0,2,0,1,4,0,1,0,0,12,0,0,2,1,0,0,1,1,0,0,1,2,0,0,0,0,0,0,0,2,0,0,0,0,0,0,2,1,1,1,0,0,0,0,0,0,2,1,0,0,1,1,0,14,0,0,0,0,1,0,1,0,1,2,0,4,0,0,0,0,0,0,0,0,0,0,0,0,0,0,2,0,0,3,0,0,0,0,1,0,0,0,0,1,0,0,0,0,2,0,0,0,0,1,0,0,0,1,0,0,0,1,1,0,0,0,0,0,1,1,0,11,0,5,0,0,0,0,0,0,0,2,0,0,0,0,0,3,1,0,0,4,0,0,0,0,1,0,4,0,0,2,0,0,0,0,0,5,0,2,2,0,1,1,0,1,0,0,1,1,0,0,1,2,0,0,0,1,0,0,0,0,0,0,2,0,1,0,0,0,3,0,0,0,0,0,1,0,1,2,4,2,12,0,1,0,1,0,0,1,1,0,2,0,0,0,0,1,0,0,0,0,0,2,0,0,0,1,1,0,0,0,0,0,0,0,17,0,1,0,0,0,2,0,1,1,0,0,0,2,0,1,0,0,0
2,6,5,4,1,14,5,3,1,3,0,1,0,14,3,1,3,3,0,0,2,6,3,3,2,4,4,8,0,1,2,1,3,1,6,4,0,7,7,7,3,2,0,3,0,0,5,0,1,3,3,10,0,0,1,1,0,6,4,10,1,3,2,1,9,0,2,2,0,4,2,2,3,2,5,4,0,0,0,0,0,0,3,0,2,0,0,9,1,0,1,0,3,1,6,1,1,6,0,1,0,11,0,2,1,0,3,4,1,2,0,0,3,2,2,6,1,0,4,2,0,1,5,3,1,6,0,4,3,4,0,0,5,0,3,1,0,5,1,5,3,6,1,3,1,1,2,5,1,0,0,0,3,1,5,2,2,6,9,0,0,9,0,0,1,0,2,3,0,1,2,3,2,5,3,2,1,1,0,0,0,1,0,0,1,4,6,2,1,1,0,2,1,4,4,2,3,2,0,3,1,0,1,5,3,5,2,12,7,1,2,2,6,2,7,1,4,1,5,2,1,4,0,4,1,1,0,5,0,0,16,0,1,4,2,0,10,1,2,2,119,0,0,0,0,0,3,1,3,0,1,1,5,28,5,3,3,2,0
0,3,1,14,2,13,7,1,1,12,1,3,0,3,1,9,4,0,0,0,6,2,1,0,2,3,1,2,0,0,1,0,5,6,3,1,1,12,2,2,0,9,1,2,4,0,2,2,0,1,4,5,1,4,2,3,0,1,17,4,1,10,0,1,3,1,5,1,1,1,5,3,1,0,0,3,0,0,4,0,0,0,3,0,4,1,2,5,5,0,6,0,5,1,7,1,2,2,0,0,1,1,1,0,0,1,1,4,0,3,0,8,2,1,2,5,19,0,15,4,0,2,6,3,0,2,1,4,0,1,0,1,0,4,0,1,0,6,5,5,5,7,0,3,1,2,19,3,0,1,4,0,3,0,1,12,0,2,5,2,0,5,1,2,2,1,2,0,0,5,7,1,1,3,0,0,1,8,0,0,0,1,2,0,1,1,7,4,2,0,0,1,2,8,6,4,1,5,0,8,2,0,0,3,2,2,1,1,7,1,5,2,2,1,7,2,2,3,2,6,0,5,2,1,0,0,1,0,0,0,8,4,6,1,6,2,1,1,0,5,93,1,0,0,5,0,0,5,2,0,2,4,1,24,8,7,0,1,0
0,2,0,0,2,0,1,2,0,5,0,0,0,0,2,1,1,2,0,1,0,1,3,0,1,0,0,3,0,1,0,4,0,5,3,1,0,2,2,0,0,1,0,3,1,0,0,1,0,2,0,3,3,0,1,3,0,2,3,1,0,1,0,0,1,0,0,3,0,1,0,3,0,0,0,0,0,0,1,0,0,0,0,0,1,0,0,2,0,0,0,0,3,1,4,1,0,1,0,0,0,1,0,2,0,1,1,3,0,0,0,0,1,0,0,1,4,0,0,0,0,2,1,0,0,1,0,0,3,1,0,0,0,1,2,1,0,2,1,1,1,4,1,0,1,0,1,2,0,0,0,0,1,0,2,2,0,2,0,2,0,3,0,0,2,0,3,0,0,3,6,1,3,0,1,2,0,2,0,0,1,6,0,0,0,2,1,0,0,0,1,1,0,0,4,0,0,0,2,3,2,0,1,0,3,1,1,4,2,0,2,0,0,0,2,3,3,0,3,1,0,2,1,0,0,0,0,1,0,0,1,0,0,1,1,0,0,0,8,0,16,0,0,0,0,0,1,1,0,0,2,3,0,6,1,1,0,0,1
0,0,2,0,7,4,4,1,4,4,0,1,1,1,2,0,1,0,0,1,4,1,0,0,3,2,3,0,0,0,0,2,1,1,1,1,0,1,1,0,1,1,1,1,2,0,0,1,1,0,4,2,2,1,0,1,1,1,0,0,0,4,0,0,1,0,0,3,1,0,0,0,2,0,1,0,0,0,2,1,0,0,0,0,2,0,1,5,1,0,0,0,0,2,2,0,2,0,0,1,0,2,1,1,0,1,0,3,1,0,0,0,0,1,1,0,1,0,0,2,0,2,2,1,1,0,1,1,4,2,0,1,0,1,2,0,0,0,2,0,5,5,2,2,0,1,0,2,0,0,1,0,1,0,0,1,0,0,2,0,1,0,0,0,1,1,1,1,0,1,2,0,1,0,0,0,1,1,0,0,2,1,0,0,4,9,2,0,1,0,0,0,2,6,0,3,0,1,1,4,0,1,1,0,0,0,0,0,3,0,1,0,0,0,2,1,0,1,1,4,0,1,0,0,0,0,0,2,0,0,1,1,4,6,3,0,3,3,3,0,41,1,1,0,2,0,0,1,3,0,0,2,1,17,1,10,0,0,1
0,0,0,0,2,3,4,1,2,3,0,3,0,1,2,1,1,1,0,0,2,1,0,0,2,1,0,3,0,2,1,1,0,2,4,5,0,5,3,2,0,1,0,0,2,0,0,1,1,1,3,1,0,1,3,1,0,0,0,1,0,0,0,0,0,0,0,3,0,1,0,0,2,0,2,0,0,2,1,0,0,0,0,0,0,0,1,2,0,0,0,0,0,4,2,1,3,1,0,1,0,0,0,0,0,1,0,1,0,1,1,0,1,0,0,1,0,0,1,1,0,9,0,2,1,0,0,0,2,1,0,0,1,0,0,0,0,2,0,3,0,3,0,5,0,0,1,3,0,2,0,0,2,0,0,0,1,1,4,0,0,1,0,0,0,0,0,0,0,8,3,0,0,0,1,1,0,1,0,0,0,0,0,0,1,2,0,0,0,0,0,0,0,4,0,0,1,1,0,1,1,0,1,0,0,2,1,4,2,0,1,1,0,0,1,1,0,0,0,0,0,2,1,0,0,0,0,4,1,0,1,0,2,6,5,0,3,0,1,0,34,0,1,0,0,0,4,0,3,0,0,1,11,5,3,2,2,0,1
1,0,2,5,1,3,0,1,3,3,0,3,0,1,5,1,2,1,1,1,2,2,3,3,2,2,3,5,1,1,0,3,8,2,3,1,3,2,1,0,2,1,2,2,4,0,1,2,2,2,6,2,1,2,2,2,0,3,5,1,1,5,0,1,5,1,3,4,0,1,3,3,4,0,2,1,0,0,1,1,1,0,3,0,2,0,0,2,2,1,1,0,5,6,1,2,2,1,0,0,0,3,0,2,1,1,2,4,0,0,1,1,2,1,0,3,4,0,7,2,1,0,6,3,1,1,0,1,4,1,0,0,2,3,0,0,1,6,6,2,3,3,0,4,0,2,4,2,0,2,1,0,2,0,2,6,0,3,4,1,0,1,0,2,3,1,3,1,0,2,4,1,2,0,0,1,1,1,0,1,2,1,0,0,0,3,4,0,1,1,2,0,0,1,3,5,2,3,0,6,2,0,0,6,2,2,3,10,2,0,1,3,1,2,5,0,1,0,1,1,2,4,0,1,1,1,1,1,0,0,2,0,2,1,2,0,4,0,1,2,37,0,0,0,4,0,1,4,2,0,1,4,2,13,0,8,3,0,0
0,1,0,4,2,2,3,2,8,4,1,5,0,0,2,1,1,0,0,0,1,1,0,0,3,5,0,1,0,3,2,3,2,1,1,1,0,5,13,0,1,2,1,0,0,0,0,3,1,2,4,0,2,0,1,2,0,1,0,0,1,5,0,0,3,0,2,2,0,2,1,0,0,0,1,0,2,1,1,0,0,0,2,0,2,0,1,4,1,0,2,0,2,2,1,1,3,0,0,0,0,0,0,3,0,2,1,1,0,0,0,0,0,0,0,0,2,0,0,0,0,1,1,0,0,2,1,2,1,2,1,1,3,1,0,1,0,1,1,0,1,5,0,0,1,0,0,5,0,0,0,0,2,0,1,2,1,4,0,0,0,0,0,1,1,0,1,0,0,0,1,0,3,0,1,0,3,3,0,0,1,1,0,0,2,0,2,0,0,1,0,0,1,2,3,2,1,0,0,7,0,0,0,2,1,3,1,1,0,0,2,3,2,0,1,1,4,2,1,1,0,1,0,0,0,0,0,0,0,0,0,0,2,1,1,0,2,0,3,3,37,0,1,2,1,0,4,1,3,0,1,2,5,2,0,4,0,0,1
11,18,0,2,1,2,0,0,12,1,0,0,0,19,1,1,1,1,0,0,2,0,1,0,2,2,0,3,0,0,0,0,0,2,1,1,1,0,1,0,0,7,0,0,0,1,0,1,0,0,0,0,0,1,1,3,0,9,5,2,0,1,1,0,7,0,0,0,0,2,0,3,1,0,0,0,0,0,0,0,0,0,0,0,1,0,0,0,0,0,2,0,3,1,2,1,0,1,0,1,0,0,0,1,0,0,0,0,0,1,0,0,0,0,0,2,3,0,4,1,0,0,2,0,0,15,1,2,0,0,0,0,1,0,0,0,0,2,1,1,0,0,0,0,0,0,7,0,0,0,0,0,1,0,0,2,1,1,3,0,0,6,0,0,7,0,0,0,0,0,0,0,0,1,0,0,2,0,1,0,0,0,0,0,0,0,1,0,0,0,0,0,1,0,0,2,0,0,1,0,0,0,0,0,1,1,13,3,6,0,1,1,0,1,0,0,1,0,0,1,0,1,1,0,0,0,1,1,3,0,2,0,6,0,1,0,0,0,0,0,28,0,0,0,1,0,0,1,1,1,1,2,0,0,0,0,1,0,0
2,2,0,0,1,0,0,1,2,1,0,1,0,2,3,0,0,0,0,0,2,0,1,1,1,1,4,1,2,0,2,2,0,0,3,0,0,1,0,0,3,1,1,1,0,0,2,0,2,0,1,4,0,0,1,2,1,3,1,2,0,2,0,0,0,1,1,1,0,1,0,1,2,0,0,1,0,0,2,1,0,0,1,0,2,1,0,3,1,0,0,0,2,0,3,1,0,1,0,0,0,1,1,5,0,3,0,1,0,0,0,0,0,0,0,1,1,1,4,0,0,0,1,2,0,2,0,2,0,2,0,0,1,2,1,0,0,1,1,0,0,0,0,1,1,0,0,2,0,0,0,0,2,0,0,1,0,1,0,0,0,0,0,0,0,0,1,0,1,0,2,2,3,1,1,0,1,1,1,0,1,1,0,0,0,0,0,0,3,0,0,0,0,1,5,2,0,2,1,0,1,0,1,2,1,0,1,1,2,0,3,1,1,0,2,0,4,3,2,0,0,3,0,1,0,0,0,0,0,0,3,0,1,2,0,0,0,0,5,1,12,0,0,0,0,0,0,0,1,0,1,3,0,3,0,2,0,0,0
5,0,4,3,2,3,4,3,2,3,0,0,0,3,5,2,3,5,0,0,0,2,0,2,4,1,0,0,1,2,2,1,1,4,1,4,0,2,4,1,2,4,2,3,7,1,0,3,1,3,2,1,2,1,4,2,1,3,3,0,0,2,0,0,5,2,5,2,0,3,0,4,2,0,2,2,0,0,0,0,0,0,3,0,1,0,1,2,0,0,2,0,4,0,1,1,1,4,0,1,0,2,0,3,0,2,1,1,1,2,0,1,1,3,3,3,6,1,6,1,3,2,7,3,0,6,0,5,6,4,0,1,1,5,2,1,0,0,4,4,2,1,1,3,0,2,0,1,0,0,1,1,2,0,2,1,1,2,2,1,1,4,0,0,4,1,2,0,1,0,5,1,0,1,1,1,1,0,0,0,0,3,0,0,1,3,6,1,0,0,0,2,0,2,3,5,4,3,2,5,2,0,2,6,1,2,4,6,4,0,3,4,1,6,2,0,1,1,2,5,0,0,3,0,0,2,0,3,0,0,0,3,7,1,2,0,3,0,0,1,46,1,0,0,1,0,6,1,3,0,3,1,0,34,2,2,3,0,1
0,5,0,7,1,2,2,1,0,2,0,0,0,4,3,0,1,1,0,0,5,1,1,0,3,7,1,3,1,1,1,0,1,4,0,1,0,0,3,0,0,7,1,1,2,1,0,3,0,1,3,4,2,0,2,3,0,3,6,0,0,2,0,0,3,0,3,3,0,0,0,3,2,0,0,0,1,1,1,0,0,0,3,0,0,0,1,2,0,0,0,0,2,0,2,1,0,1,0,2,0,2,0,3,0,0,0,2,0,2,0,1,2,0,0,1,16,0,6,0,0,3,5,3,0,6,0,0,1,0,0,2,1,0,0,1,0,1,3,1,2,0,0,0,0,0,10,0,1,0,1,0,4,0,0,2,2,3,3,0,0,0,0,0,1,1,0,0,1,2,2,0,2,1,1,0,1,0,0,0,1,1,0,0,0,3,4,0,0,0,0,0,0,4,2,2,0,2,1,8,1,0,1,6,0,2,4,1,3,1,8,2,5,2,1,0,1,1,1,5,0,3,1,0,0,0,0,2,0,0,2,2,1,0,5,1,3,1,2,0,23,2,0,0,3,0,2,2,3,1,2,1,1,5,1,3,0,0,1
13,3,5,7,8,11,2,2,5,5,2,2,1,5,10,7,15,10,0,3,21,3,7,5,8,7,12,15,2,7,16,6,8,8,1,2,1,3,4,6,12,2,5,6,2,0,5,7,5,3,15,30,3,4,3,2,1,8,15,5,2,27,0,0,0,7,14,17,0,5,3,7,17,1,6,1,5,1,3,0,0,0,4,0,8,1,2,3,6,0,3,3,11,4,6,2,7,7,0,6,0,8,1,3,1,1,14,8,0,5,0,0,3,5,2,5,17,0,18,5,4,5,7,12,0,11,4,8,17,5,1,2,6,9,4,2,0,11,9,11,12,2,3,3,2,1,14,2,0,1,5,1,7,0,9,13,3,13,7,5,0,13,0,5,1,2,1,0,5,5,0,5,4,9,9,6,5,6,0,4,5,7,0,0,3,12,3,4,2,5,1,2,3,21,7,10,4,23,10,29,6,0,1,12,1,10,4,7,6,1,4,10,7,7,18,4,4,6,5,6,2,7,2,2,4,4,0,13,0,1,30,2,7,21,17,1,38,0,2,4,94,3,0,2,4,1,11,8,5,3,8,10,3,64,10,27,5,4,1
2,2,1,3,1,9,8,0,2,2,0,1,0,7,3,0,6,5,0,0,3,2,0,4,3,1,3,7,0,1,0,1,0,0,1,0,1,2,3,3,2,6,0,2,1,0,2,0,0,1,6,4,1,2,2,3,0,5,3,2,0,3,1,0,4,1,1,3,0,10,0,0,2,0,0,5,0,1,1,0,0,0,2,0,0,0,0,5,1,1,0,0,3,3,7,1,0,1,0,0,1,1,0,0,0,0,2,4,0,0,0,1,2,0,0,3,2,2,3,6,0,2,2,0,0,4,1,2,2,0,0,0,2,2,1,0,0,5,2,2,1,13,1,2,0,4,4,4,0,0,0,1,4,0,1,2,3,3,4,1,0,2,0,2,7,0,0,0,0,3,1,4,2,0,2,1,3,0,0,1,0,1,0,0,0,1,2,1,0,0,0,0,1,3,1,6,1,6,1,3,3,0,0,1,2,2,9,10,3,0,1,0,1,2,3,1,1,0,0,5,1,5,1,0,0,0,0,1,0,0,6,0,1,2,1,0,6,1,0,0,74,0,0,0,1,0,3,0,5,0,0,2,1,11,1,4,6,0,0
6,7,1,6,9,10,2,2,4,9,0,4,0,8,10,1,11,3,0,0,3,2,1,5,6,3,11,11,1,2,2,0,1,1,4,9,0,2,8,3,1,3,0,2,1,1,2,0,0,4,6,17,2,2,1,5,0,5,6,7,2,11,1,0,3,0,0,7,1,1,0,3,3,0,3,3,1,0,2,1,0,0,1,0,4,0,1,0,2,1,2,0,5,2,6,2,2,0,1,1,0,4,0,2,0,1,6,10,2,3,0,0,8,0,1,8,5,0,10,2,0,4,2,1,1,12,2,2,4,0,0,0,2,3,2,0,1,6,4,11,1,3,1,4,0,1,6,3,1,0,2,0,5,0,3,3,4,7,14,1,0,7,0,1,3,1,1,0,0,1,7,0,0,2,2,1,0,3,0,3,0,2,0,1,1,9,3,0,1,1,0,1,0,10,3,5,0,3,1,16,3,0,1,7,4,3,6,7,12,0,3,3,3,0,4,1,1,1,2,4,0,1,0,3,4,1,2,1,3,4,16,1,4,2,7,0,12,1,0,0,84,2,0,0,1,0,4,1,7,0,7,3,6,14,7,10,5,0,0
3,1,1,1,1,1,3,1,4,0,0,2,0,2,1,0,1,1,1,1,0,0,1,0,0,0,0,0,0,0,0,2,1,3,2,0,2,1,3,1,1,4,1,3,1,0,1,1,2,0,6,1,0,1,2,0,0,2,1,0,2,1,0,0,2,1,1,5,0,0,0,1,0,0,0,1,0,0,0,0,0,0,2,0,1,0,2,0,2,0,2,0,0,5,3,1,0,1,0,0,0,0,4,0,0,0,2,0,0,0,0,0,1,0,0,1,0,0,1,0,0,0,1,2,0,1,0,2,0,3,0,0,0,1,1,0,0,1,2,0,4,1,0,0,0,1,0,0,0,0,0,0,4,0,1,2,1,2,2,1,0,1,0,4,1,1,1,1,0,0,0,0,1,1,1,2,0,0,0,0,1,0,0,0,0,3,2,3,2,0,0,0,2,1,2,2,0,0,4,5,5,1,1,4,3,2,3,2,4,0,1,1,1,1,1,1,0,2,1,1,0,0,1,0,1,1,0,0,0,0,6,1,1,1,3,0,1,0,0,1,20,0,0,0,2,0,0,2,1,3,0,1,0,15,3,4,1,0,0
27,32,1,3,2,2,7,1,25,10,0,3,0,52,0,4,2,1,0,0,0,1,1,1,1,7,1,5,0,0,0,2,0,3,4,4,0,4,8,3,0,5,0,0,1,0,0,2,1,0,2,4,0,0,2,6,0,20,5,2,0,3,1,0,41,0,4,2,0,1,0,2,1,0,0,2,1,0,1,0,0,0,0,0,2,1,0,1,1,2,1,0,1,1,5,1,1,0,0,5,0,0,0,1,0,0,1,8,0,0,0,0,0,0,0,1,21,0,16,2,0,1,2,3,0,45,0,1,0,0,0,1,3,1,0,2,0,6,1,3,2,1,0,1,0,1,8,5,0,1,0,0,3,0,0,5,0,5,8,0,1,18,2,4,20,0,4,0,0,0,1,0,0,1,3,0,0,2,0,2,0,2,0,1,0,1,17,0,0,2,1,0,0,3,2,3,0,1,2,3,0,0,0,3,0,2,27,7,7,0,4,1,2,3,7,2,0,2,0,4,0,0,1,0,0,0,0,0,1,0,5,0,8,1,2,0,1,0,0,0,142,1,0,0,0,0,2,1,4,0,3,1,0,1,1,4,5,0,0
17,3,2,2,5,10,10,11,2,9,1,5,1,9,5,3,3,5,0,1,8,5,5,15,3,3,3,16,5,0,5,1,3,5,2,6,0,13,8,4,3,4,1,5,11,0,2,3,4,12,5,15,0,15,6,7,0,13,14,4,1,3,0,1,6,3,7,3,1,6,3,24,8,1,4,1,0,1,1,0,0,0,2,0,3,0,1,20,1,0,1,0,6,7,19,0,1,7,0,2,0,9,0,2,0,2,4,4,1,5,1,0,4,1,1,6,8,1,9,2,0,8,4,3,0,5,1,13,11,0,0,0,2,11,1,3,7,16,2,12,3,15,4,4,0,0,7,6,0,0,0,0,3,1,3,3,2,7,8,0,1,12,0,0,4,0,13,0,2,12,15,4,3,9,1,5,0,0,0,3,3,16,0,2,2,3,5,1,1,0,0,0,0,8,11,8,4,15,4,1,4,1,0,5,4,4,2,15,20,0,7,1,0,5,12,3,1,0,2,10,0,7,3,0,1,0,0,0,8,0,18,1,3,13,5,2,7,2,2,3,155,4,0,0,11,2,18,7,3,1,27,6,3,14,1,3,0,0,1
0,0,0,6,3,2,8,2,8,8,0,4,0,2,1,1,1,2,0,1,2,2,2,1,4,8,0,1,2,2,1,2,1,2,0,3,0,1,13,0,0,3,0,0,0,0,1,2,1,1,2,0,1,0,2,1,0,4,0,0,2,5,1,0,2,2,2,3,0,7,1,0,2,1,2,0,2,0,1,0,0,0,2,0,3,0,1,7,0,0,4,0,3,2,0,0,3,0,0,0,0,0,0,3,0,3,2,8,2,1,0,0,1,0,0,0,1,0,0,0,1,0,2,3,0,1,1,1,0,0,1,0,1,1,0,2,0,1,0,0,0,3,0,0,0,2,2,4,0,0,0,0,2,0,1,1,1,0,1,0,0,0,0,1,1,1,1,0,0,0,2,1,4,0,2,0,3,3,0,0,0,1,0,0,3,3,3,1,0,0,0,0,2,2,4,2,0,0,1,6,0,0,2,2,1,1,2,4,1,0,1,3,1,1,1,1,5,0,3,3,1,2,1,0,0,0,0,2,0,1,1,0,4,1,3,0,1,0,3,6,48,0,1,0,2,0,3,1,3,0,1,2,1,2,2,5,2,0,1
7,1,1,4,1,3,5,1,4,6,0,3,0,3,4,1,6,1,0,0,5,1,0,0,0,4,0,5,0,1,0,0,1,1,1,1,0,0,5,0,2,3,1,1,0,0,1,1,2,1,4,8,1,0,1,1,0,5,2,1,2,9,2,0,1,0,1,2,1,2,1,2,3,0,1,0,0,0,2,0,0,0,2,0,4,0,0,1,2,0,0,0,7,0,5,1,2,2,0,1,0,1,0,1,0,0,2,4,1,2,1,1,1,1,1,7,3,0,2,1,0,0,2,2,0,2,0,3,1,0,0,0,0,0,0,1,0,5,1,3,2,1,2,1,0,2,6,1,0,0,2,1,2,0,0,2,2,3,1,1,0,3,0,0,4,0,0,0,0,0,1,4,2,7,0,0,0,0,0,1,0,1,0,1,2,11,2,1,2,0,0,1,0,7,3,2,1,3,0,4,0,0,1,10,2,2,3,6,1,1,0,2,2,1,10,1,0,1,1,0,1,4,0,2,1,1,0,0,0,0,5,1,1,3,3,0,9,0,1,0,32,1,0,0,2,0,2,2,3,0,1,0,1,17,3,4,1,0,0
1,1,0,2,1,2,3,0,0,5,1,0,0,0,2,2,2,0,0,1,1,1,0,1,1,0,1,1,0,0,1,0,2,3,0,4,0,1,2,1,0,2,2,0,2,0,0,0,0,2,2,0,1,1,0,0,0,1,8,0,0,2,0,0,0,1,3,1,0,1,1,1,1,0,1,1,0,0,1,0,0,0,1,0,1,0,0,2,0,0,0,0,1,1,1,0,0,1,0,0,0,0,0,0,0,0,0,0,1,1,0,0,3,0,0,1,10,0,3,0,1,0,4,0,0,0,0,1,1,0,0,0,0,0,0,0,0,3,1,2,0,1,0,0,0,1,4,1,0,0,1,0,0,0,0,2,3,0,2,0,0,1,0,0,1,1,1,0,0,1,0,0,1,1,0,1,0,0,0,0,1,1,2,0,1,0,1,0,0,1,0,0,0,2,0,2,0,1,0,2,1,0,1,1,1,0,1,2,2,0,3,3,0,2,2,2,0,1,1,0,0,0,1,0,0,0,0,2,0,0,1,0,1,2,2,1,0,1,2,0,15,0,0,0,0,0,0,2,1,0,0,1,2,3,0,0,0,0,1
1,1,0,2,3,4,3,1,2,5,0,1,0,0,2,0,1,5,0,0,0,1,1,1,1,1,5,3,2,1,0,2,1,2,1,1,1,2,2,0,0,2,1,0,0,1,1,2,0,0,2,3,3,0,1,0,0,1,0,0,1,3,0,0,1,1,0,0,0,2,2,0,2,0,3,0,1,0,0,0,1,0,0,0,3,1,1,5,1,0,0,1,1,0,1,0,0,0,1,0,0,1,1,0,0,0,0,4,1,1,0,0,0,0,0,5,0,0,1,0,0,1,1,1,0,0,1,0,1,0,1,0,4,1,2,0,0,1,0,0,2,1,0,1,0,0,2,0,0,0,0,0,0,0,0,2,0,1,0,0,0,1,0,0,1,0,1,0,0,0,2,1,0,0,1,0,0,1,0,0,3,2,0,0,0,3,0,1,0,0,0,0,0,6,1,1,0,3,0,4,1,1,0,1,1,2,1,1,2,0,2,1,0,1,1,0,1,0,0,2,0,1,4,1,0,0,0,2,0,0,0,1,2,0,4,0,2,0,0,2,33,1,1,0,1,0,2,0,1,0,0,1,1,2,0,6,0,0,1
4,5,3,7,7,7,2,2,7,3,0,5,1,4,4,3,4,7,2,2,7,1,1,1,1,3,3,2,4,3,1,0,2,1,7,1,2,5,5,1,5,5,0,2,2,1,1,0,0,1,7,5,0,2,2,2,0,6,7,0,2,10,1,0,1,2,3,7,0,6,0,4,2,0,8,2,0,0,2,1,0,0,1,1,4,1,4,6,5,0,0,0,2,1,5,0,1,1,0,3,0,3,1,3,0,0,1,8,0,0,0,0,1,3,0,1,11,0,4,2,0,1,1,5,0,6,1,2,5,1,2,0,7,1,1,0,1,5,2,6,6,10,0,3,0,2,5,1,0,0,1,0,4,0,3,2,3,2,5,0,0,2,0,0,8,0,2,0,0,3,1,1,3,2,0,2,2,3,0,0,3,1,1,1,1,4,8,1,1,1,0,1,2,6,6,5,0,1,0,7,2,1,1,6,3,3,5,5,3,1,2,2,3,2,7,1,5,2,2,3,0,1,2,2,1,0,0,3,0,0,10,2,4,6,1,0,6,1,0,1,75,0,3,0,4,0,6,3,6,1,1,1,3,30,0,9,2,2,0
2,4,0,1,2,3,3,1,1,2,1,1,0,1,2,0,1,0,0,1,0,0,2,0,0,1,0,6,1,1,0,1,0,0,2,2,0,2,1,0,0,0,0,0,0,1,0,0,0,1,1,0,0,0,0,0,1,0,3,0,0,1,0,0,0,0,1,1,1,2,0,0,0,0,1,1,0,0,2,0,0,0,0,0,2,0,0,2,0,0,0,1,0,1,1,0,0,0,1,0,0,0,0,0,0,0,0,6,2,0,0,0,0,0,0,2,0,0,0,0,0,1,0,0,0,4,0,0,0,0,1,0,1,0,1,1,0,1,0,0,0,4,0,2,0,1,1,1,0,1,0,0,1,0,1,1,1,0,1,0,0,2,0,0,1,0,0,0,1,2,0,1,0,1,1,0,0,1,0,0,1,1,0,0,1,3,1,0,0,0,0,0,0,4,1,1,0,0,0,1,0,0,0,0,0,1,1,3,0,0,1,0,1,0,2,0,1,0,0,0,0,1,0,0,0,0,0,0,0,0,2,1,1,0,3,0,3,0,0,0,24,0,1,0,1,0,0,0,3,0,1,1,0,3,0,0,0,0,1
1,1,1,0,0,2,1,0,5,1,0,4,0,2,1,1,2,0,0,0,0,0,1,0,0,2,1,2,0,0,0,0,0,1,0,0,0,1,1,0,1,0,0,0,0,0,0,0,0,0,0,0,0,0,0,0,0,0,1,0,0,0,0,0,0,0,0,3,0,1,1,1,1,0,0,0,0,0,1,0,0,0,0,1,1,0,0,0,0,0,0,0,1,0,0,1,0,0,0,0,0,1,0,2,0,0,1,2,0,0,0,0,0,0,1,1,0,0,0,0,0,3,0,0,0,0,0,0,1,0,0,0,0,0,0,0,0,0,0,1,0,0,0,2,0,0,0,1,0,0,1,0,1,0,1,0,0,0,0,1,0,2,0,1,2,0,1,1,0,0,1,0,0,0,2,1,0,0,0,1,0,1,0,0,0,1,2,0,0,0,0,1,0,3,1,0,0,2,1,0,0,0,0,2,1,0,2,0,2,0,0,0,0,0,0,0,0,0,1,0,0,0,0,1,0,0,0,0,0,0,0,0,1,3,2,0,1,0,0,0,10,0,0,0,0,0,0,0,0,0,0,0,1,8,0,1,0,0,0
2,6,3,2,1,1,4,1,4,4,1,7,0,3,7,1,7,3,1,1,5,4,1,0,4,2,0,2,1,3,1,1,0,3,6,3,0,1,4,4,1,3,0,2,0,0,3,1,1,2,3,2,0,2,3,6,0,4,1,1,1,4,0,1,3,0,2,4,0,4,0,1,0,0,2,1,0,0,2,0,0,0,2,0,5,1,3,6,3,1,1,1,2,1,2,0,1,1,0,1,0,3,2,1,0,1,3,2,1,3,1,0,5,2,0,4,2,0,1,4,0,4,3,1,0,5,1,2,4,1,0,0,3,1,1,2,0,6,2,0,2,7,1,4,0,2,1,3,0,2,5,0,4,0,2,3,1,4,5,1,1,3,0,1,4,1,0,2,1,2,4,1,2,4,1,3,2,2,0,3,2,0,0,0,0,4,1,2,3,1,0,1,3,3,1,3,4,1,0,6,2,0,1,1,4,6,3,5,2,0,4,2,6,2,2,2,1,1,1,6,0,3,1,2,2,2,0,3,0,0,1,0,3,12,4,0,3,1,2,1,57,0,3,0,3,0,4,0,4,1,1,1,1,21,2,1,1,0,0
4,6,1,2,4,13,2,1,7,4,1,2,1,1,4,4,14,1,2,1,12,3,1,2,3,5,2,6,0,4,6,3,2,7,8,3,0,1,7,4,2,5,5,2,1,2,2,1,2,2,5,9,3,2,2,5,0,3,4,3,1,9,0,0,5,1,1,11,0,3,1,0,2,1,3,1,0,0,1,0,1,0,1,0,6,0,2,4,1,0,3,0,1,4,3,1,0,1,0,2,0,2,1,6,0,0,1,6,0,1,1,0,1,1,2,3,2,1,1,2,0,1,0,2,1,5,2,3,12,0,1,1,2,0,2,1,0,1,1,2,5,9,0,0,0,1,4,5,0,1,1,1,6,0,3,4,2,4,2,0,1,2,0,3,4,0,1,0,0,2,0,1,3,1,1,2,4,1,0,1,2,0,1,0,1,9,4,3,3,0,0,1,4,5,3,1,4,1,2,8,1,1,1,8,1,6,4,3,1,2,6,3,2,3,2,0,1,2,3,3,0,5,1,2,0,3,0,3,1,0,8,3,3,9,8,1,21,1,2,2,72,1,0,0,3,0,7,1,2,1,0,3,2,16,2,7,1,0,1
9,8,0,4,3,13,11,14,0,14,0,5,1,8,6,0,2,7,0,1,5,6,4,6,4,5,3,16,5,1,2,2,1,3,3,5,1,11,3,5,5,0,0,2,11,0,4,4,0,14,1,11,0,11,3,6,0,6,6,6,1,2,1,0,3,3,4,1,1,5,2,16,3,0,1,0,0,0,3,0,0,0,2,0,1,2,4,11,3,3,0,0,2,5,22,2,2,2,0,2,0,7,0,1,1,5,3,12,0,5,1,0,4,0,0,6,5,0,10,1,0,3,3,1,1,3,1,8,10,2,0,0,5,3,0,3,3,21,4,6,2,17,1,6,1,0,8,5,0,1,0,0,1,1,0,2,2,8,12,0,1,8,0,0,5,0,8,0,0,9,21,4,0,13,1,2,1,1,0,2,1,15,0,0,3,8,6,0,1,1,1,0,0,10,8,6,0,10,1,4,6,0,1,2,2,7,0,24,11,2,7,0,0,5,12,3,3,0,6,12,0,7,2,1,1,0,0,0,4,2,13,1,1,13,7,0,9,0,2,5,155,2,1,0,6,1,11,4,2,1,17,2,6,10,0,4,1,1,1
1,3,3,2,2,2,5,1,5,3,0,5,0,3,5,1,7,2,1,1,6,4,1,0,3,0,2,2,2,2,2,1,3,3,4,2,1,2,4,1,1,4,0,1,0,0,2,1,1,3,4,4,0,3,1,5,0,4,1,0,0,7,0,1,7,0,1,2,0,2,0,1,0,0,1,2,0,0,1,0,0,1,2,0,5,2,2,6,1,0,0,0,2,2,3,0,1,1,0,1,1,2,1,1,0,0,1,3,1,2,0,1,3,3,0,4,2,0,2,3,0,3,3,1,0,2,1,2,4,1,0,0,2,0,0,3,1,3,1,0,3,7,3,6,1,2,0,4,0,2,5,0,4,0,1,5,1,5,3,1,0,4,0,1,4,2,0,2,1,4,6,1,2,3,2,5,4,3,0,4,2,0,0,0,0,4,2,2,4,0,0,0,3,5,5,2,2,2,0,6,5,0,0,1,3,5,2,2,4,0,5,2,6,1,1,1,0,3,1,6,0,6,0,1,2,3,0,1,0,1,1,0,2,13,3,0,1,2,3,1,57,0,2,0,4,0,3,1,5,1,2,1,3,20,7,2,0,0,0
0,0,0,0,0,2,1,1,5,0,0,0,0,1,0,1,1,0,0,1,0,1,0,0,0,1,0,0,0,0,2,6,0,0,0,0,0,1,0,0,0,1,1,0,1,0,0,0,0,1,1,0,0,0,1,0,0,0,0,0,0,0,0,0,1,1,0,0,0,16,0,2,1,0,0,0,0,0,0,0,0,0,0,0,0,0,0,2,0,0,0,0,0,0,0,0,0,0,0,0,0,0,0,1,0,0,0,0,0,0,0,0,1,0,1,0,2,0,0,0,0,0,1,0,0,1,0,0,0,1,0,0,1,0,0,0,0,0,0,0,1,1,0,0,0,0,2,0,0,1,0,0,0,1,1,1,0,0,0,1,0,1,0,0,1,0,1,0,0,1,5,1,5,1,0,0,2,0,0,0,0,3,0,0,0,0,1,0,0,0,0,0,0,0,1,1,1,0,0,1,1,0,0,0,0,1,7,0,0,1,2,0,1,0,0,1,7,0,2,1,0,0,0,1,0,0,0,1,0,0,1,2,0,0,0,0,1,0,2,0,12,0,0,0,0,0,0,1,0,0,1,1,0,3,0,1,0,0,1
1,1,0,3,1,3,1,1,1,3,0,3,0,2,2,2,2,3,0,0,4,4,0,1,2,1,2,3,0,3,1,3,2,2,3,2,2,4,3,1,2,4,1,2,2,0,2,3,2,4,1,3,0,2,3,1,0,3,2,0,3,3,1,0,2,0,0,3,0,2,0,2,1,0,2,3,0,0,1,1,1,0,2,0,1,1,2,1,0,1,0,0,1,3,3,1,1,2,0,1,1,1,0,1,1,0,0,4,1,0,0,0,0,2,0,3,4,0,1,1,0,2,0,2,0,2,0,1,3,1,0,1,0,3,1,0,0,4,5,0,6,0,0,3,0,1,2,4,1,0,0,0,2,0,1,1,0,0,5,1,1,1,0,1,1,0,2,0,0,0,3,0,1,0,2,1,1,0,0,0,0,2,0,1,2,2,1,1,0,1,1,2,0,4,3,3,1,3,0,1,2,0,0,2,1,5,2,5,0,0,2,1,1,0,6,2,2,2,2,5,0,3,0,0,0,1,0,0,0,0,1,0,1,3,4,0,1,0,2,2,33,0,0,0,4,0,1,2,4,1,1,1,4,6,1,5,1,0,0
2,4,0,8,3,2,0,2,2,6,0,4,0,2,4,1,8,0,0,0,5,2,1,0,2,6,0,2,1,2,0,1,5,4,2,2,1,0,5,0,2,4,1,2,1,0,0,1,2,3,3,3,0,2,4,2,0,2,2,1,1,4,0,0,2,0,1,8,1,2,0,2,1,0,1,1,2,0,2,0,0,0,3,1,2,0,3,2,0,0,0,0,1,1,4,1,0,1,1,1,0,0,0,3,0,0,1,4,0,1,0,0,1,1,0,2,5,0,1,1,0,1,1,2,0,4,0,1,6,0,0,1,1,1,1,3,0,3,2,1,4,0,0,2,1,1,1,3,0,1,2,0,1,0,0,4,2,4,3,0,0,4,0,3,1,1,0,0,0,1,1,2,0,1,0,2,0,0,0,0,1,0,0,0,1,6,1,2,3,0,0,0,1,6,1,3,0,2,1,13,5,0,0,2,0,2,1,2,3,0,2,4,0,1,5,2,0,2,2,3,0,0,0,0,0,1,0,1,0,0,5,2,7,6,4,0,7,0,2,0,21,0,0,0,1,0,1,0,1,4,3,0,2,9,1,10,0,0,0
3,0,13,0,2,0,2,0,2,2,0,3,0,3,3,1,2,1,1,1,2,2,0,0,1,1,4,5,0,0,1,0,0,0,3,0,0,0,2,0,5,1,1,1,1,0,0,3,2,1,3,6,1,2,2,0,0,2,3,1,2,3,0,0,0,0,0,3,0,4,0,0,1,0,1,0,0,0,0,0,0,0,0,0,2,0,1,0,1,0,0,0,1,3,0,1,0,2,0,0,0,2,0,1,0,0,1,1,0,2,0,1,8,0,9,2,0,0,1,1,0,0,2,0,0,1,0,1,0,0,0,0,0,1,1,0,1,0,3,0,0,0,0,1,0,1,3,3,0,0,1,0,2,0,0,0,2,0,3,3,0,2,0,0,0,0,0,0,0,3,3,1,0,1,1,1,0,0,0,0,0,3,0,0,0,4,1,1,0,1,0,0,1,3,2,2,0,5,1,9,0,0,1,2,0,2,2,0,1,0,0,2,1,1,0,1,0,0,0,2,0,1,1,0,0,0,2,3,0,0,8,1,3,2,2,0,8,0,0,0,7,0,0,0,1,0,0,2,1,1,1,2,3,32,1,3,1,1,0
3,1,0,2,1,0,3,2,1,20,0,2,0,2,0,1,1,1,0,1,1,2,0,0,1,2,2,7,0,2,1,1,0,0,0,2,1,0,0,2,1,4,1,1,1,0,0,3,0,3,1,1,1,2,1,0,0,0,1,1,2,4,0,0,2,1,2,2,0,1,0,4,0,0,2,0,1,0,0,1,0,1,4,0,1,1,0,2,0,0,1,0,3,1,9,1,0,1,0,2,0,2,0,1,0,0,2,17,0,1,0,0,0,0,0,2,3,0,5,0,0,3,2,1,0,2,0,1,4,0,0,0,0,1,1,1,0,10,3,2,3,3,0,1,1,0,5,1,0,0,2,0,0,0,0,2,0,1,1,0,0,0,0,1,2,0,2,0,0,0,2,0,3,0,0,1,0,1,1,1,1,0,0,0,1,1,1,1,0,0,0,2,1,3,0,1,1,0,1,3,0,1,0,4,1,3,3,9,1,0,3,1,3,1,3,1,1,1,1,0,0,2,1,0,1,0,0,0,0,0,2,1,2,0,4,0,0,0,0,1,26,0,0,0,1,1,0,2,2,0,3,1,2,2,3,4,1,0,0
1,4,2,1,2,3,2,1,4,5,1,3,0,6,3,1,6,4,1,1,8,3,1,2,4,1,0,2,3,3,3,2,1,5,4,2,0,1,3,3,1,5,2,2,0,1,3,1,1,3,2,2,0,5,3,5,0,2,1,1,2,5,0,0,5,0,4,4,0,2,2,2,0,0,4,0,0,0,1,0,0,0,2,0,5,1,3,6,4,0,0,1,3,2,3,1,0,2,0,2,0,5,0,2,0,0,0,1,1,1,1,1,5,1,0,4,2,1,1,4,0,5,4,2,0,3,1,1,5,2,0,1,1,1,0,4,0,4,1,1,2,8,1,4,0,2,1,3,0,0,5,0,5,0,3,3,1,4,4,0,1,6,0,1,5,1,0,2,1,3,6,1,3,2,1,4,2,3,0,3,2,1,0,0,0,1,0,2,3,1,0,0,2,3,2,3,2,1,0,4,1,0,0,1,2,6,4,1,3,1,6,3,7,2,0,1,2,4,2,7,0,6,2,2,2,2,0,4,0,1,2,0,3,11,4,0,3,2,4,1,58,3,2,0,2,0,3,0,6,1,1,1,1,22,1,4,1,0,1
1,4,2,0,2,3,4,1,5,5,2,6,0,3,5,1,6,5,0,1,7,4,1,1,3,0,0,2,2,2,1,1,2,4,6,1,1,3,4,2,2,3,2,1,1,0,1,1,2,2,4,1,1,3,2,5,1,3,1,0,1,5,0,0,6,2,6,4,0,2,0,1,3,0,2,1,0,0,1,0,0,0,2,0,6,1,3,8,1,0,0,2,3,2,2,0,0,2,1,1,0,3,2,3,0,0,0,2,1,3,1,1,3,1,0,5,2,0,2,3,2,3,2,3,0,2,1,3,5,1,0,0,3,0,0,3,0,3,1,0,2,6,3,4,0,1,0,5,0,1,4,0,5,0,2,5,2,3,4,1,1,5,0,1,4,2,1,3,1,2,5,1,2,2,1,4,4,3,0,3,2,0,0,0,0,2,0,2,3,1,0,0,4,3,2,4,3,1,1,6,2,0,0,2,2,6,2,3,2,0,8,3,6,3,2,2,1,4,1,6,0,6,1,1,2,2,0,4,0,0,2,0,3,12,5,0,2,3,3,1,57,0,2,0,2,0,3,1,4,2,1,1,1,20,3,3,0,0,1
5,7,0,6,2,7,14,13,1,9,0,3,0,11,15,2,2,1,0,1,5,2,7,7,4,2,8,16,2,1,1,1,5,12,5,11,1,11,6,5,4,1,0,2,14,0,1,2,1,9,2,8,0,6,6,5,0,10,12,2,0,1,2,0,4,2,11,0,0,6,1,25,2,0,3,2,1,0,0,0,0,0,2,0,2,3,0,14,0,2,3,0,2,2,19,0,3,1,1,3,1,2,0,3,0,4,1,6,1,2,1,0,9,0,1,8,8,1,14,1,1,6,6,2,1,5,2,8,10,2,0,0,3,4,0,2,6,20,2,12,4,22,1,8,1,0,9,7,0,0,1,1,2,1,2,4,3,5,17,0,1,7,0,1,9,1,9,1,1,10,22,4,5,16,1,4,2,2,0,1,4,18,1,2,2,5,11,0,1,0,0,0,1,6,7,9,3,7,6,3,2,0,0,6,3,8,3,16,14,1,6,2,0,4,11,0,4,2,3,8,1,5,4,0,1,1,0,7,1,0,13,0,2,15,8,3,7,0,4,7,179,3,1,0,5,2,14,5,0,0,23,5,7,15,2,0,1,1,1
1,2,0,5,2,5,4,3,2,5,0,4,0,1,3,1,1,5,0,0,2,4,0,2,3,1,1,1,1,2,1,2,2,1,3,2,1,4,2,4,1,4,0,2,2,0,1,4,1,3,1,2,0,4,2,0,1,3,2,3,1,5,0,0,4,0,1,2,0,3,1,0,5,1,2,2,1,1,0,0,1,0,3,0,1,0,2,5,3,1,0,0,1,2,5,0,0,1,0,1,0,2,2,1,0,0,1,2,1,0,0,0,1,1,0,4,4,1,1,0,0,3,1,5,1,2,0,1,2,2,1,1,0,4,1,0,0,3,3,0,2,3,0,3,0,1,1,1,0,0,0,0,2,0,1,1,1,0,4,1,1,3,0,0,1,1,3,0,0,1,0,0,4,0,2,2,1,0,0,0,1,0,0,1,1,1,0,1,1,0,0,0,0,4,6,3,0,1,3,4,0,0,0,2,0,3,0,1,0,0,0,3,3,1,3,1,1,3,2,6,0,2,1,0,1,1,0,2,0,1,7,0,2,0,6,0,5,0,3,1,38,0,1,0,4,0,5,2,4,0,1,2,3,2,1,5,1,0,1
